entity,iso_code,date,Daily ICU occupancy,Daily ICU occupancy per million,Daily hospital occupancy,Daily hospital occupancy per million,Weekly new hospital admissions,Weekly new hospital admissions per million
Canada,CAN,2020-03-09,0,0,4,0.105,,
Canada,CAN,2020-03-10,0,0,5,0.131,,
Canada,CAN,2020-03-11,0,0,5,0.131,,
Canada,CAN,2020-03-12,0,0,5,0.131,,
Canada,CAN,2020-03-13,1,0.026,7,0.184,,
Canada,CAN,2020-03-14,2,0.053,9,0.236,,
Canada,CAN,2020-03-15,2,0.053,9,0.236,,
Canada,CAN,2020-03-16,2,0.053,17,0.447,,
Canada,CAN,2020-03-17,6,0.158,22,0.578,,
Canada,CAN,2020-03-18,14,0.368,31,0.814,,
Canada,CAN,2020-03-19,16,0.42,42,1.103,,
Canada,CAN,2020-03-20,24,0.63,52,1.366,,
Canada,CAN,2020-03-21,31,0.814,68,1.786,,
Canada,CAN,2020-03-22,35,0.919,76,1.996,,
Canada,CAN,2020-03-23,44,1.156,103,2.706,,
Canada,CAN,2020-03-24,64,1.681,153,4.019,,
Canada,CAN,2020-03-25,72,1.891,176,4.623,,
Canada,CAN,2020-03-26,82,2.154,216,5.674,,
Canada,CAN,2020-03-27,89,2.338,260,6.83,,
Canada,CAN,2020-03-28,125,3.284,294,7.723,,
Canada,CAN,2020-03-29,142,3.73,329,8.642,,
Canada,CAN,2020-03-30,157,4.124,406,10.665,,
Canada,CAN,2020-03-31,165,4.334,482,12.662,,
Canada,CAN,2020-04-01,174,4.571,526,13.817,,
Canada,CAN,2020-04-02,362,9.509,993,26.085,,
Canada,CAN,2020-04-03,397,10.429,1129,29.658,,
Canada,CAN,2020-04-04,424,11.138,1216,31.943,,
Canada,CAN,2020-04-05,455,11.952,1272,33.414,,
Canada,CAN,2020-04-06,486,12.767,1351,35.489,,
Canada,CAN,2020-04-07,505,13.266,1430,37.564,,
Canada,CAN,2020-04-08,523,13.739,1467,38.536,,
Canada,CAN,2020-04-09,561,14.737,1538,40.401,,
Canada,CAN,2020-04-10,542,14.238,1629,42.792,,
Canada,CAN,2020-04-11,561,14.737,1696,44.552,,
Canada,CAN,2020-04-12,570,14.973,1792,47.074,,
Canada,CAN,2020-04-13,576,15.131,1872,49.175,,
Canada,CAN,2020-04-14,571,15,1936,50.856,,
Canada,CAN,2020-04-15,560,14.711,2006,52.695,,
Canada,CAN,2020-04-16,540,14.185,2048,53.799,,
Canada,CAN,2020-04-17,534,14.028,2131,55.979,,
Canada,CAN,2020-04-18,592,15.551,2182,57.319,,
Canada,CAN,2020-04-19,516,13.555,2132,56.005,,
Canada,CAN,2020-04-20,527,13.844,2188,57.476,,
Canada,CAN,2020-04-21,531,13.949,2305,60.55,,
Canada,CAN,2020-04-22,518,13.607,2369,62.231,,
Canada,CAN,2020-04-23,513,13.476,2517,66.119,,
Canada,CAN,2020-04-24,540,14.185,2582,67.826,,
Canada,CAN,2020-04-25,533,14.001,2649,69.586,,
Canada,CAN,2020-04-26,536,14.08,2676,70.295,,
Canada,CAN,2020-04-27,516,13.555,2713,71.267,,
Canada,CAN,2020-04-28,521,13.686,2807,73.737,,
Canada,CAN,2020-04-29,522,13.712,2847,74.787,,
Canada,CAN,2020-04-30,506,13.292,2903,76.258,,
Canada,CAN,2020-05-01,514,13.502,2953,77.572,,
Canada,CAN,2020-05-02,510,13.397,2926,76.863,,
Canada,CAN,2020-05-03,514,13.502,2974,78.124,,
Canada,CAN,2020-05-04,510,13.397,2969,77.992,,
Canada,CAN,2020-05-05,511,13.423,3078,80.855,,
Canada,CAN,2020-05-06,501,13.161,3083,80.987,,
Canada,CAN,2020-05-07,506,13.292,3078,80.855,,
Canada,CAN,2020-05-08,484,12.714,3070,80.645,,
Canada,CAN,2020-05-09,470,12.346,3054,80.225,,
Canada,CAN,2020-05-10,457,12.005,2987,78.465,,
Canada,CAN,2020-05-11,449,11.795,3057,80.304,,
Canada,CAN,2020-05-12,435,11.427,3056,80.278,,
Canada,CAN,2020-05-13,436,11.453,3079,80.882,,
Canada,CAN,2020-05-14,422,11.085,3041,79.884,,
Canada,CAN,2020-05-15,417,10.954,2975,78.15,,
Canada,CAN,2020-05-16,404,10.613,2899,76.153,,
Canada,CAN,2020-05-17,399,10.481,2856,75.024,,
Canada,CAN,2020-05-18,398,10.455,2896,76.075,,
Canada,CAN,2020-05-19,402,10.56,2678,70.348,,
Canada,CAN,2020-05-20,394,10.35,2654,69.718,,
Canada,CAN,2020-05-21,380,9.982,2637,69.271,,
Canada,CAN,2020-05-22,369,9.693,2585,67.905,,
Canada,CAN,2020-05-23,364,9.562,2504,65.777,,
Canada,CAN,2020-05-24,368,9.667,2448,64.306,,
Canada,CAN,2020-05-25,375,9.851,2415,63.439,,
Canada,CAN,2020-05-26,371,9.746,2381,62.546,,
Canada,CAN,2020-05-27,376,9.877,2354,61.837,,
Canada,CAN,2020-05-28,358,9.404,2292,60.208,,
Canada,CAN,2020-05-29,349,9.168,2223,58.396,,
Canada,CAN,2020-05-30,336,8.826,2137,56.137,,
Canada,CAN,2020-05-31,342,8.984,2116,55.585,,
Canada,CAN,2020-06-01,340,8.931,2099,55.138,,
Canada,CAN,2020-06-02,340,8.931,2107,55.348,,
Canada,CAN,2020-06-03,333,8.748,2063,54.193,,
Canada,CAN,2020-06-04,314,8.248,1972,51.802,,
Canada,CAN,2020-06-05,296,7.776,1891,49.674,,
Canada,CAN,2020-06-06,290,7.618,1763,46.312,,
Canada,CAN,2020-06-07,285,7.487,1716,45.077,,
Canada,CAN,2020-06-08,278,7.303,1689,44.368,,
Canada,CAN,2020-06-09,273,7.171,1668,43.816,,
Canada,CAN,2020-06-10,277,7.276,1596,41.925,,
Canada,CAN,2020-06-11,274,7.198,1515,39.797,,
Canada,CAN,2020-06-12,260,6.83,1479,38.852,,
Canada,CAN,2020-06-13,252,6.62,1395,36.645,,
Canada,CAN,2020-06-14,227,5.963,1317,34.596,,
Canada,CAN,2020-06-15,227,5.963,1304,34.255,,
Canada,CAN,2020-06-16,220,5.779,1246,32.731,,
Canada,CAN,2020-06-17,208,5.464,1186,31.155,,
Canada,CAN,2020-06-18,193,5.07,1097,28.817,,
Canada,CAN,2020-06-19,186,4.886,1019,26.768,,
Canada,CAN,2020-06-20,188,4.939,972,25.533,,
Canada,CAN,2020-06-21,193,5.07,912,23.957,,
Canada,CAN,2020-06-22,177,4.65,891,23.406,,
Canada,CAN,2020-06-23,178,4.676,912,23.957,,
Canada,CAN,2020-06-24,170,4.466,886,23.274,,
Canada,CAN,2020-06-25,165,4.334,869,22.828,,
Canada,CAN,2020-06-26,156,4.098,846,22.223,,
Canada,CAN,2020-06-27,148,3.888,818,21.488,,
Canada,CAN,2020-06-28,144,3.783,774,20.332,,
Canada,CAN,2020-06-29,143,3.756,792,20.805,,
Canada,CAN,2020-06-30,128,3.362,756,19.859,,
Canada,CAN,2020-07-01,120,3.152,740,19.439,,
Canada,CAN,2020-07-02,119,3.126,635,16.681,,
Canada,CAN,2020-07-03,117,3.073,649,17.048,,
Canada,CAN,2020-07-04,110,2.89,632,16.602,,
Canada,CAN,2020-07-05,105,2.758,615,16.155,,
Canada,CAN,2020-07-06,100,2.627,597,15.682,,
Canada,CAN,2020-07-07,97,2.548,582,15.288,,
Canada,CAN,2020-07-08,98,2.574,556,14.605,,
Canada,CAN,2020-07-09,97,2.548,526,13.817,,
Canada,CAN,2020-07-10,99,2.601,527,13.844,,
Canada,CAN,2020-07-11,93,2.443,529,13.896,,
Canada,CAN,2020-07-12,93,2.443,514,13.502,,
Canada,CAN,2020-07-13,94,2.469,499,13.108,,
Canada,CAN,2020-07-14,96,2.522,530,13.922,,
Canada,CAN,2020-07-15,89,2.338,503,13.213,,
Canada,CAN,2020-07-16,84,2.207,491,12.898,,
Canada,CAN,2020-07-17,87,2.285,483,12.688,,
Canada,CAN,2020-07-18,88,2.312,470,12.346,,
Canada,CAN,2020-07-19,91,2.39,477,12.53,,
Canada,CAN,2020-07-20,97,2.548,488,12.819,,
Canada,CAN,2020-07-21,93,2.443,496,13.029,,
Canada,CAN,2020-07-22,98,2.574,496,13.029,,
Canada,CAN,2020-07-23,98,2.574,511,13.423,,
Canada,CAN,2020-07-24,90,2.364,484,12.714,,
Canada,CAN,2020-07-25,84,2.207,425,11.164,,
Canada,CAN,2020-07-26,81,2.128,398,10.455,,
Canada,CAN,2020-07-27,80,2.102,401,10.534,,
Canada,CAN,2020-07-28,80,2.102,412,10.823,,
Canada,CAN,2020-07-29,80,2.102,403,10.586,,
Canada,CAN,2020-07-30,86,2.259,411,10.796,,
Canada,CAN,2020-07-31,86,2.259,379,9.956,,
Canada,CAN,2020-08-01,87,2.285,366,9.614,,
Canada,CAN,2020-08-02,90,2.364,358,9.404,,
Canada,CAN,2020-08-03,89,2.338,359,9.431,,
Canada,CAN,2020-08-04,99,2.601,363,9.536,,
Canada,CAN,2020-08-05,99,2.601,341,8.958,,
Canada,CAN,2020-08-06,92,2.417,346,9.089,,
Canada,CAN,2020-08-07,86,2.259,328,8.616,,
Canada,CAN,2020-08-08,90,2.364,314,8.248,,
Canada,CAN,2020-08-09,90,2.364,311,8.17,,
Canada,CAN,2020-08-10,83,2.18,302,7.933,,
Canada,CAN,2020-08-11,82,2.154,286,7.513,,
Canada,CAN,2020-08-12,79,2.075,273,7.171,,
Canada,CAN,2020-08-13,78,2.049,268,7.04,,
Canada,CAN,2020-08-14,78,2.049,271,7.119,,
Canada,CAN,2020-08-15,79,2.075,265,6.961,,
Canada,CAN,2020-08-16,79,2.075,263,6.909,,
Canada,CAN,2020-08-17,73,1.918,245,6.436,,
Canada,CAN,2020-08-18,73,1.918,256,6.725,,
Canada,CAN,2020-08-19,74,1.944,259,6.804,,
Canada,CAN,2020-08-20,74,1.944,247,6.488,,
Canada,CAN,2020-08-21,68,1.786,238,6.252,,
Canada,CAN,2020-08-22,60,1.576,232,6.094,,
Canada,CAN,2020-08-23,54,1.419,226,5.937,,
Canada,CAN,2020-08-24,54,1.419,229,6.016,,
Canada,CAN,2020-08-25,54,1.419,236,6.199,,
Canada,CAN,2020-08-26,53,1.392,233,6.121,,
Canada,CAN,2020-08-27,58,1.524,243,6.383,,
Canada,CAN,2020-08-28,59,1.55,253,6.646,,
Canada,CAN,2020-08-29,62,1.629,243,6.383,,
Canada,CAN,2020-08-30,63,1.655,242,6.357,,
Canada,CAN,2020-08-31,67,1.76,247,6.488,,
Canada,CAN,2020-09-01,72,1.891,273,7.171,,
Canada,CAN,2020-09-02,66,1.734,268,7.04,,
Canada,CAN,2020-09-03,62,1.629,254,6.672,,
Canada,CAN,2020-09-04,65,1.707,260,6.83,,
Canada,CAN,2020-09-05,64,1.681,245,6.436,,
Canada,CAN,2020-09-06,66,1.734,246,6.462,,
Canada,CAN,2020-09-07,67,1.76,252,6.62,,
Canada,CAN,2020-09-08,66,1.734,250,6.567,,
Canada,CAN,2020-09-09,64,1.681,263,6.909,,
Canada,CAN,2020-09-10,59,1.55,270,7.093,,
Canada,CAN,2020-09-11,57,1.497,276,7.25,,
Canada,CAN,2020-09-12,54,1.419,273,7.171,,
Canada,CAN,2020-09-13,58,1.524,270,7.093,,
Canada,CAN,2020-09-14,69,1.813,281,7.382,,
Canada,CAN,2020-09-15,79,2.075,298,7.828,,
Canada,CAN,2020-09-16,86,2.259,285,7.487,,
Canada,CAN,2020-09-17,89,2.338,302,7.933,,
Canada,CAN,2020-09-18,88,2.312,313,8.222,,
Canada,CAN,2020-09-19,91,2.39,318,8.353,,
Canada,CAN,2020-09-20,93,2.443,325,8.537,,
Canada,CAN,2020-09-21,93,2.443,342,8.984,,
Canada,CAN,2020-09-22,93,2.443,380,9.982,,
Canada,CAN,2020-09-23,98,2.574,408,10.718,,
Canada,CAN,2020-09-24,105,2.758,411,10.796,,
Canada,CAN,2020-09-25,104,2.732,426,11.191,,
Canada,CAN,2020-09-26,119,3.126,456,11.979,,
Canada,CAN,2020-09-27,115,3.021,467,12.268,,
Canada,CAN,2020-09-28,117,3.073,494,12.977,,
Canada,CAN,2020-09-29,117,3.073,539,14.159,,
Canada,CAN,2020-09-30,125,3.284,571,15,,
Canada,CAN,2020-10-01,126,3.31,593,15.577,,
Canada,CAN,2020-10-02,132,3.467,621,16.313,,
Canada,CAN,2020-10-03,147,3.862,628,16.497,,
Canada,CAN,2020-10-04,150,3.94,652,17.127,,
Canada,CAN,2020-10-05,148,3.888,690,18.126,,
Canada,CAN,2020-10-06,150,3.94,752,19.754,,
Canada,CAN,2020-10-07,146,3.835,774,20.332,,
Canada,CAN,2020-10-08,160,4.203,820,21.54,,
Canada,CAN,2020-10-09,158,4.15,849,22.302,,
Canada,CAN,2020-10-10,164,4.308,845,22.197,,
Canada,CAN,2020-10-11,167,4.387,844,22.171,,
Canada,CAN,2020-10-12,170,4.466,853,22.407,,
Canada,CAN,2020-10-13,196,5.149,915,24.036,,
Canada,CAN,2020-10-14,192,5.044,943,24.772,,
Canada,CAN,2020-10-15,199,5.227,960,25.218,,
Canada,CAN,2020-10-16,204,5.359,995,26.137,,
Canada,CAN,2020-10-17,207,5.438,1026,26.952,,
Canada,CAN,2020-10-18,210,5.516,1009,26.505,,
Canada,CAN,2020-10-19,212,5.569,1018,26.742,,
Canada,CAN,2020-10-20,220,5.779,1077,28.292,,
Canada,CAN,2020-10-21,216,5.674,1062,27.898,,
Canada,CAN,2020-10-22,238,6.252,1074,28.213,,
Canada,CAN,2020-10-23,237,6.226,1079,28.344,,
Canada,CAN,2020-10-24,236,6.199,1122,29.474,,
Canada,CAN,2020-10-25,240,6.305,1122,29.474,,
Canada,CAN,2020-10-26,240,6.305,1140,29.946,,
Canada,CAN,2020-10-27,237,6.226,1157,30.393,,
Canada,CAN,2020-10-28,237,6.226,1163,30.551,,
Canada,CAN,2020-10-29,229,6.016,1168,30.682,,
Canada,CAN,2020-10-30,242,6.357,1177,30.918,,
Canada,CAN,2020-10-31,241,6.331,1182,31.05,,
Canada,CAN,2020-11-01,242,6.357,1222,32.101,,
Canada,CAN,2020-11-02,237,6.226,1220,32.048,,
Canada,CAN,2020-11-03,247,6.488,1305,34.281,,
Canada,CAN,2020-11-04,246,6.462,1333,35.016,,
Canada,CAN,2020-11-05,254,6.672,1370,35.988,,
Canada,CAN,2020-11-06,259,6.804,1391,36.54,,
Canada,CAN,2020-11-07,274,7.198,1377,36.172,,
Canada,CAN,2020-11-08,272,7.145,1383,36.33,,
Canada,CAN,2020-11-09,290,7.618,1463,38.431,,
Canada,CAN,2020-11-10,305,8.012,1556,40.874,,
Canada,CAN,2020-11-11,318,8.353,1623,42.634,,
Canada,CAN,2020-11-12,336,8.826,1671,43.895,,
Canada,CAN,2020-11-13,353,9.273,1727,45.366,,
Canada,CAN,2020-11-14,353,9.273,1795,47.153,,
Canada,CAN,2020-11-15,382,10.035,1780,46.759,,
Canada,CAN,2020-11-16,393,10.324,1840,48.335,,
Canada,CAN,2020-11-17,413,10.849,1945,51.093,,
Canada,CAN,2020-11-18,409,10.744,2009,52.774,,
Canada,CAN,2020-11-19,439,11.532,2027,53.247,,
Canada,CAN,2020-11-20,424,11.138,2048,53.799,,
Canada,CAN,2020-11-21,432,11.348,2077,54.56,,
Canada,CAN,2020-11-22,446,11.716,2059,54.088,,
Canada,CAN,2020-11-23,454,11.926,2148,56.425,,
Canada,CAN,2020-11-24,457,12.005,2218,58.264,,
Canada,CAN,2020-11-25,461,12.11,2243,58.921,,
Canada,CAN,2020-11-26,459,12.057,2324,61.049,,
Canada,CAN,2020-11-27,466,12.241,2350,61.732,,
Canada,CAN,2020-11-28,474,12.451,2422,63.623,,
Canada,CAN,2020-11-29,490,12.872,2438,64.043,,
Canada,CAN,2020-11-30,510,13.397,2545,66.854,,
Canada,CAN,2020-12-01,538,14.133,2638,69.297,,
Canada,CAN,2020-12-02,544,14.29,2720,71.451,,
Canada,CAN,2020-12-03,560,14.711,2724,71.556,,
Canada,CAN,2020-12-04,571,15,2793,73.369,,
Canada,CAN,2020-12-05,564,14.816,2830,74.341,,
Canada,CAN,2020-12-06,565,14.842,2903,76.258,,
Canada,CAN,2020-12-07,584,15.341,2957,77.677,,
Canada,CAN,2020-12-08,601,15.788,3093,81.25,,
Canada,CAN,2020-12-09,620,16.287,3121,81.985,,
Canada,CAN,2020-12-10,631,16.576,3145,82.616,,
Canada,CAN,2020-12-11,654,17.18,3139,82.458,,
Canada,CAN,2020-12-12,665,17.469,3149,82.721,,
Canada,CAN,2020-12-13,685,17.994,3140,82.484,,
Canada,CAN,2020-12-14,685,17.994,3335,87.607,,
Canada,CAN,2020-12-15,704,18.493,3499,91.915,,
Canada,CAN,2020-12-16,720,18.914,3549,93.228,,
Canada,CAN,2020-12-17,720,18.914,3556,93.412,,
Canada,CAN,2020-12-18,722,18.966,3506,92.099,,
Canada,CAN,2020-12-19,728,19.124,3542,93.044,,
Canada,CAN,2020-12-20,735,19.308,3506,92.099,,
Canada,CAN,2020-12-21,728,19.124,3616,94.988,,
Canada,CAN,2020-12-22,728,19.124,3726,97.878,,
Canada,CAN,2020-12-23,726,19.071,3725,97.851,,
Canada,CAN,2020-12-24,740,19.439,3694,97.037,,
Canada,CAN,2020-12-25,740,19.439,3714,97.562,,
Canada,CAN,2020-12-26,750,19.702,3491,91.705,,
Canada,CAN,2020-12-27,739,19.413,3596,94.463,,
Canada,CAN,2020-12-28,757,19.886,3747,98.429,,
Canada,CAN,2020-12-29,776,20.385,3776,99.191,,
Canada,CAN,2020-12-30,793,20.831,4180,109.804,,
Canada,CAN,2020-12-31,816,21.435,4187,109.988,,
Canada,CAN,2021-01-01,817,21.462,4212,110.644,,
Canada,CAN,2021-01-02,814,21.383,3970,104.287,,
Canada,CAN,2021-01-03,840,22.066,4012,105.391,,
Canada,CAN,2021-01-04,833,21.882,4263,111.984,,
Canada,CAN,2021-01-05,859,22.565,4457,117.08,,
Canada,CAN,2021-01-06,870,22.854,4651,122.176,,
Canada,CAN,2021-01-07,863,22.67,4592,120.627,,
Canada,CAN,2021-01-08,873,22.933,4554,119.628,,
Canada,CAN,2021-01-09,890,23.379,4527,118.919,,
Canada,CAN,2021-01-10,885,23.248,4525,118.867,,
Canada,CAN,2021-01-11,894,23.484,4683,123.017,,
Canada,CAN,2021-01-12,901,23.668,4879,128.166,,
Canada,CAN,2021-01-13,924,24.272,4868,127.877,,
Canada,CAN,2021-01-14,924,24.272,4848,127.351,,
Canada,CAN,2021-01-15,908,23.852,4787,125.749,,
Canada,CAN,2021-01-16,910,23.905,4706,123.621,,
Canada,CAN,2021-01-17,894,23.484,4614,121.204,,
Canada,CAN,2021-01-18,887,23.3,4645,122.019,,
Canada,CAN,2021-01-19,890,23.379,4683,123.017,,
Canada,CAN,2021-01-20,891,23.406,4612,121.152,,
Canada,CAN,2021-01-21,881,23.143,4490,117.947,,
Canada,CAN,2021-01-22,874,22.959,4395,115.452,,
Canada,CAN,2021-01-23,895,23.511,4344,114.112,,
Canada,CAN,2021-01-24,888,23.327,4204,110.434,,
Canada,CAN,2021-01-25,882,23.169,4165,109.41,,
Canada,CAN,2021-01-26,870,22.854,4215,110.723,,
Canada,CAN,2021-01-27,880,23.117,4087,107.361,,
Canada,CAN,2021-01-28,862,22.644,3975,104.419,,
Canada,CAN,2021-01-29,859,22.565,3890,102.186,,
Canada,CAN,2021-01-30,834,21.908,3797,99.743,,
Canada,CAN,2021-01-31,825,21.672,3617,95.014,,
Canada,CAN,2021-02-01,819,21.514,3610,94.831,,
Canada,CAN,2021-02-02,799,20.989,3649,95.855,,
Canada,CAN,2021-02-03,788,20.7,3486,91.573,,
Canada,CAN,2021-02-04,770,20.227,3432,90.155,,
Canada,CAN,2021-02-05,758,19.912,3312,87.002,,
Canada,CAN,2021-02-06,747,19.623,3188,83.745,,
Canada,CAN,2021-02-07,750,19.702,3058,80.33,,
Canada,CAN,2021-02-08,742,19.491,3029,79.568,,
Canada,CAN,2021-02-09,702,18.441,2997,78.728,,
Canada,CAN,2021-02-10,697,18.309,2975,78.15,,
Canada,CAN,2021-02-11,667,17.521,2816,73.973,,
Canada,CAN,2021-02-12,647,16.996,2638,69.297,,
Canada,CAN,2021-02-13,629,16.523,2608,68.509,,
Canada,CAN,2021-02-14,630,16.549,2503,65.751,,
Canada,CAN,2021-02-15,637,16.733,2542,66.775,,
Canada,CAN,2021-02-16,646,16.97,2531,66.486,,
Canada,CAN,2021-02-17,641,16.838,2504,65.777,,
Canada,CAN,2021-02-18,612,16.077,2497,65.593,,
Canada,CAN,2021-02-19,597,15.682,2375,62.389,,
Canada,CAN,2021-02-20,574,15.078,2335,61.338,,
Canada,CAN,2021-02-21,585,15.367,2274,59.735,,
Canada,CAN,2021-02-22,595,15.63,2273,59.709,,
Canada,CAN,2021-02-23,604,15.866,2360,61.994,,
Canada,CAN,2021-02-24,617,16.208,2255,59.236,,
Canada,CAN,2021-02-25,604,15.866,2193,57.608,,
Canada,CAN,2021-02-26,605,15.893,2163,56.82,,
Canada,CAN,2021-02-27,585,15.367,2126,55.848,,
Canada,CAN,2021-02-28,601,15.788,2069,54.35,,
Canada,CAN,2021-03-01,602,15.814,2114,55.532,,
Canada,CAN,2021-03-02,604,15.866,2166,56.898,,
Canada,CAN,2021-03-03,586,15.394,2138,56.163,,
Canada,CAN,2021-03-04,584,15.341,2111,55.454,,
Canada,CAN,2021-03-05,582,15.288,2080,54.639,,
Canada,CAN,2021-03-06,579,15.21,2031,53.352,,
Canada,CAN,2021-03-07,572,15.026,2003,52.616,,
Canada,CAN,2021-03-08,577,15.157,2022,53.116,,
Canada,CAN,2021-03-09,594,15.604,2086,54.797,,
Canada,CAN,2021-03-10,578,15.183,2066,54.271,,
Canada,CAN,2021-03-11,580,15.236,2046,53.746,,
Canada,CAN,2021-03-12,577,15.157,2026,53.221,,
Canada,CAN,2021-03-13,571,15,2039,53.562,,
Canada,CAN,2021-03-14,576,15.131,1935,50.83,,
Canada,CAN,2021-03-15,600,15.761,2069,54.35,,
Canada,CAN,2021-03-16,601,15.788,2128,55.9,,
Canada,CAN,2021-03-17,622,16.339,2108,55.375,,
Canada,CAN,2021-03-18,622,16.339,2085,54.771,,
Canada,CAN,2021-03-19,627,16.471,2102,55.217,,
Canada,CAN,2021-03-20,615,16.155,2112,55.48,,
Canada,CAN,2021-03-21,626,16.444,2112,55.48,,
Canada,CAN,2021-03-22,627,16.471,2193,57.608,,
Canada,CAN,2021-03-23,658,17.285,2287,60.077,,
Canada,CAN,2021-03-24,669,17.574,2278,59.84,,
Canada,CAN,2021-03-25,663,17.416,2293,60.234,,
Canada,CAN,2021-03-26,694,18.231,2273,59.709,,
Canada,CAN,2021-03-27,700,18.388,2343,61.548,,
Canada,CAN,2021-03-28,706,18.546,2269,59.604,,
Canada,CAN,2021-03-29,726,19.071,2221,58.343,,
Canada,CAN,2021-03-30,728,19.124,2506,65.83,,
Canada,CAN,2021-03-31,740,19.439,2516,66.092,,
Canada,CAN,2021-04-01,757,19.886,2537,66.644,,
Canada,CAN,2021-04-02,766,20.122,2605,68.43,,
Canada,CAN,2021-04-03,801,21.041,2231,58.606,,
Canada,CAN,2021-04-04,833,21.882,2253,59.184,,
Canada,CAN,2021-04-05,873,22.933,2426,63.728,,
Canada,CAN,2021-04-06,879,23.09,2692,70.716,,
Canada,CAN,2021-04-07,897,23.563,2963,77.835,,
Canada,CAN,2021-04-08,928,24.377,3024,79.437,,
Canada,CAN,2021-04-09,962,25.271,3088,81.118,,
Canada,CAN,2021-04-10,1000,26.269,3141,82.51,,
Canada,CAN,2021-04-11,1026,26.952,3187,83.719,,
Canada,CAN,2021-04-12,1059,27.819,3388,88.999,,
Canada,CAN,2021-04-13,1067,28.029,3605,94.699,,
Canada,CAN,2021-04-14,1097,28.817,3721,97.746,,
Canada,CAN,2021-04-15,1117,29.342,3766,98.928,,
Canada,CAN,2021-04-16,1178,30.945,3811,100.111,,
Canada,CAN,2021-04-17,1213,31.864,3970,104.287,,
Canada,CAN,2021-04-18,1237,32.495,4010,105.338,,
Canada,CAN,2021-04-19,1262,33.151,4145,108.884,,
Canada,CAN,2021-04-20,1295,34.018,4337,113.928,,
Canada,CAN,2021-04-21,1325,34.806,4351,114.296,,
Canada,CAN,2021-04-22,1345,35.332,4422,116.161,,
Canada,CAN,2021-04-23,1367,35.91,4354,114.375,,
Canada,CAN,2021-04-24,1391,36.54,4350,114.269,,
Canada,CAN,2021-04-25,1405,36.908,4200,110.329,,
Canada,CAN,2021-04-26,1434,37.67,4384,115.163,,
Canada,CAN,2021-04-27,1436,37.722,4491,117.973,,
Canada,CAN,2021-04-28,1431,37.591,4416,116.003,,
Canada,CAN,2021-04-29,1463,38.431,4354,114.375,,
Canada,CAN,2021-04-30,1456,38.247,4303,113.035,,
Canada,CAN,2021-05-01,1469,38.589,4236,111.275,,
Canada,CAN,2021-05-02,1468,38.563,4068,106.862,,
Canada,CAN,2021-05-03,1462,38.405,4045,106.257,,
Canada,CAN,2021-05-04,1462,38.405,4311,113.245,,
Canada,CAN,2021-05-05,1438,37.775,4213,110.671,,
Canada,CAN,2021-05-06,1425,37.433,4066,106.809,,
Canada,CAN,2021-05-07,1409,37.013,4035,105.995,,
Canada,CAN,2021-05-08,1391,36.54,3913,102.79,,
Canada,CAN,2021-05-09,1386,36.409,3720,97.72,,
Canada,CAN,2021-05-10,1368,35.936,3721,97.746,,
Canada,CAN,2021-05-11,1345,35.332,3905,102.58,,
Canada,CAN,2021-05-12,1329,34.911,3832,100.662,,
Canada,CAN,2021-05-13,1330,34.938,3783,99.375,,
Canada,CAN,2021-05-14,1343,35.279,3700,97.195,,
Canada,CAN,2021-05-15,1346,35.358,3621,95.119,,
Canada,CAN,2021-05-16,1350,35.463,3333,87.554,,
Canada,CAN,2021-05-17,1332,34.99,3362,88.316,,
Canada,CAN,2021-05-18,1321,34.701,3552,93.307,,
Canada,CAN,2021-05-19,1283,33.703,3432,90.155,,
Canada,CAN,2021-05-20,1243,32.652,3301,86.713,,
Canada,CAN,2021-05-21,1233,32.389,3182,83.587,,
Canada,CAN,2021-05-22,1204,31.628,3070,80.645,,
Canada,CAN,2021-05-23,1190,31.26,2888,75.864,,
Canada,CAN,2021-05-24,1171,30.761,2802,73.605,,
Canada,CAN,2021-05-25,1174,30.84,2837,74.525,,
Canada,CAN,2021-05-26,1149,30.183,2851,74.892,,
Canada,CAN,2021-05-27,1108,29.106,2796,73.448,,
Canada,CAN,2021-05-28,1078,28.318,2707,71.11,,
Canada,CAN,2021-05-29,1050,27.582,2556,67.143,,
Canada,CAN,2021-05-30,1040,27.32,2320,60.944,,
Canada,CAN,2021-05-31,1032,27.109,2246,59,,
Canada,CAN,2021-06-01,988,25.954,2308,60.628,,
Canada,CAN,2021-06-02,953,25.034,2172,57.056,,
Canada,CAN,2021-06-03,898,23.589,2107,55.348,,
Canada,CAN,2021-06-04,852,22.381,2010,52.8,,
Canada,CAN,2021-06-05,834,21.908,1924,50.541,,
Canada,CAN,2021-06-06,815,21.409,1840,48.335,,
Canada,CAN,2021-06-07,806,21.173,1800,47.284,,
Canada,CAN,2021-06-08,778,20.437,1849,48.571,,
Canada,CAN,2021-06-09,752,19.754,1774,46.601,,
Canada,CAN,2021-06-10,733,19.255,1648,43.291,,
Canada,CAN,2021-06-11,711,18.677,1585,41.636,,
Canada,CAN,2021-06-12,681,17.889,1521,39.955,,
Canada,CAN,2021-06-13,690,18.126,1402,36.829,,
Canada,CAN,2021-06-14,664,17.443,1383,36.33,,
Canada,CAN,2021-06-15,624,16.392,1429,37.538,,
Canada,CAN,2021-06-16,609,15.998,1373,36.067,,
Canada,CAN,2021-06-17,579,15.21,1295,34.018,,
Canada,CAN,2021-06-18,572,15.026,1251,32.862,,
Canada,CAN,2021-06-19,545,14.317,1185,31.129,,
Canada,CAN,2021-06-20,547,14.369,1104,29.001,,
Canada,CAN,2021-06-21,538,14.133,1068,28.055,,
Canada,CAN,2021-06-22,520,13.66,1102,28.948,,
Canada,CAN,2021-06-23,514,13.502,1056,27.74,,
Canada,CAN,2021-06-24,491,12.898,1016,26.689,,
Canada,CAN,2021-06-25,478,12.557,978,25.691,,
Canada,CAN,2021-06-26,477,12.53,967,25.402,,
Canada,CAN,2021-06-27,479,12.583,901,23.668,,
Canada,CAN,2021-06-28,458,12.031,894,23.484,,
Canada,CAN,2021-06-29,438,11.506,908,23.852,,
Canada,CAN,2021-06-30,434,11.401,880,23.117,,
Canada,CAN,2021-07-01,435,11.427,873,22.933,,
Canada,CAN,2021-07-02,404,10.613,754,19.807,,
Canada,CAN,2021-07-03,387,10.166,773,20.306,,
Canada,CAN,2021-07-04,380,9.982,714,18.756,,
Canada,CAN,2021-07-05,360,9.457,699,18.362,,
Canada,CAN,2021-07-06,353,9.273,746,19.597,,
Canada,CAN,2021-07-07,339,8.905,744,19.544,,
Canada,CAN,2021-07-08,335,8.8,705,18.52,,
Canada,CAN,2021-07-09,322,8.459,686,18.02,,
Canada,CAN,2021-07-10,317,8.327,664,17.443,,
Canada,CAN,2021-07-11,319,8.38,617,16.208,,
Canada,CAN,2021-07-12,318,8.353,604,15.866,,
Canada,CAN,2021-07-13,307,8.065,627,16.471,,
Canada,CAN,2021-07-14,290,7.618,617,16.208,,
Canada,CAN,2021-07-15,273,7.171,597,15.682,,
Canada,CAN,2021-07-16,259,6.804,588,15.446,,
Canada,CAN,2021-07-17,252,6.62,571,15,,
Canada,CAN,2021-07-18,252,6.62,534,14.028,,
Canada,CAN,2021-07-19,250,6.567,519,13.634,,
Canada,CAN,2021-07-20,249,6.541,537,14.106,,
Canada,CAN,2021-07-21,248,6.515,520,13.66,,
Canada,CAN,2021-07-22,242,6.357,523,13.739,,
Canada,CAN,2021-07-23,234,6.147,506,13.292,,
Canada,CAN,2021-07-24,231,6.068,491,12.898,,
Canada,CAN,2021-07-25,228,5.989,452,11.874,,
Canada,CAN,2021-07-26,225,5.91,456,11.979,,
Canada,CAN,2021-07-27,228,5.989,476,12.504,,
Canada,CAN,2021-07-28,218,5.727,458,12.031,,
Canada,CAN,2021-07-29,219,5.753,454,11.926,,
Canada,CAN,2021-07-30,207,5.438,447,11.742,,
Canada,CAN,2021-07-31,201,5.28,444,11.663,,
Canada,CAN,2021-08-01,199,5.227,419,11.007,,
Canada,CAN,2021-08-02,199,5.227,430,11.296,,
Canada,CAN,2021-08-03,196,5.149,428,11.243,,
Canada,CAN,2021-08-04,202,5.306,475,12.478,,
Canada,CAN,2021-08-05,200,5.254,480,12.609,,
Canada,CAN,2021-08-06,202,5.306,488,12.819,,
Canada,CAN,2021-08-07,203,5.333,515,13.528,,
Canada,CAN,2021-08-08,206,5.411,462,12.136,,
Canada,CAN,2021-08-09,202,5.306,493,12.951,,
Canada,CAN,2021-08-10,207,5.438,512,13.45,,
Canada,CAN,2021-08-11,219,5.753,530,13.922,,
Canada,CAN,2021-08-12,233,6.121,571,15,,
Canada,CAN,2021-08-13,235,6.173,583,15.315,,
Canada,CAN,2021-08-14,236,6.199,600,15.761,,
Canada,CAN,2021-08-15,241,6.331,559,14.684,,
Canada,CAN,2021-08-16,261,6.856,597,15.682,,
Canada,CAN,2021-08-17,274,7.198,687,18.047,,
Canada,CAN,2021-08-18,288,7.565,706,18.546,,
Canada,CAN,2021-08-19,284,7.46,743,19.518,,
Canada,CAN,2021-08-20,303,7.959,782,20.542,,
Canada,CAN,2021-08-21,298,7.828,802,21.068,,
Canada,CAN,2021-08-22,306,8.038,773,20.306,,
Canada,CAN,2021-08-23,345,9.063,845,22.197,,
Canada,CAN,2021-08-24,352,9.247,960,25.218,,
Canada,CAN,2021-08-25,367,9.641,991,26.032,,
Canada,CAN,2021-08-26,388,10.192,1051,27.609,,
Canada,CAN,2021-08-27,395,10.376,1092,28.686,,
Canada,CAN,2021-08-28,402,10.56,1142,29.999,,
Canada,CAN,2021-08-29,398,10.455,1011,26.558,,
Canada,CAN,2021-08-30,432,11.348,1116,29.316,,
Canada,CAN,2021-08-31,452,11.874,1290,33.887,,
Canada,CAN,2021-09-01,465,12.215,1352,35.515,,
Canada,CAN,2021-09-02,473,12.425,1360,35.726,,
Canada,CAN,2021-09-03,489,12.845,1416,37.197,,
Canada,CAN,2021-09-04,491,12.898,1402,36.829,,
Canada,CAN,2021-09-05,501,13.161,1359,35.699,,
Canada,CAN,2021-09-06,526,13.817,1401,36.803,,
Canada,CAN,2021-09-07,567,14.894,1567,41.163,,
Canada,CAN,2021-09-08,598,15.709,1739,45.682,,
Canada,CAN,2021-09-09,597,15.682,1789,46.995,,
Canada,CAN,2021-09-10,616,16.182,1824,47.914,,
Canada,CAN,2021-09-11,626,16.444,1845,48.466,,
Canada,CAN,2021-09-12,632,16.602,1771,46.522,,
Canada,CAN,2021-09-13,671,17.626,1907,50.095,,
Canada,CAN,2021-09-14,687,18.047,2012,52.853,,
Canada,CAN,2021-09-15,690,18.126,2071,54.403,,
Canada,CAN,2021-09-16,703,18.467,2091,54.928,,
Canada,CAN,2021-09-17,712,18.703,2126,55.848,,
Canada,CAN,2021-09-18,704,18.493,2119,55.664,,
Canada,CAN,2021-09-19,705,18.52,2061,54.14,,
Canada,CAN,2021-09-20,725,19.045,2125,55.821,,
Canada,CAN,2021-09-21,725,19.045,2298,60.366,,
Canada,CAN,2021-09-22,749,19.675,2318,60.891,,
Canada,CAN,2021-09-23,742,19.491,2358,61.942,,
Canada,CAN,2021-09-24,768,20.174,2375,62.389,,
Canada,CAN,2021-09-25,754,19.807,2399,63.019,,
Canada,CAN,2021-09-26,753,19.78,2275,59.762,,
Canada,CAN,2021-09-27,784,20.595,2272,59.683,,
Canada,CAN,2021-09-28,779,20.463,2502,65.725,,
Canada,CAN,2021-09-29,778,20.437,2462,64.674,,
Canada,CAN,2021-09-30,780,20.49,2501,65.698,,
Canada,CAN,2021-10-01,754,19.807,2446,64.254,,
Canada,CAN,2021-10-02,752,19.754,2435,63.965,,
Canada,CAN,2021-10-03,760,19.964,2329,61.18,,
Canada,CAN,2021-10-04,764,20.069,2343,61.548,,
Canada,CAN,2021-10-05,759,19.938,2522,66.25,,
Canada,CAN,2021-10-06,752,19.754,2535,66.592,,
Canada,CAN,2021-10-07,746,19.597,2563,67.327,,
Canada,CAN,2021-10-08,746,19.597,2554,67.091,,
Canada,CAN,2021-10-09,752,19.754,2530,66.46,,
Canada,CAN,2021-10-10,753,19.78,2429,63.807,,
Canada,CAN,2021-10-11,745,19.57,2450,64.359,,
Canada,CAN,2021-10-12,741,19.465,2379,62.494,,
Canada,CAN,2021-10-13,737,19.36,2466,64.779,,
Canada,CAN,2021-10-14,731,19.203,2460,64.621,,
Canada,CAN,2021-10-15,736,19.334,2447,64.28,,
Canada,CAN,2021-10-16,740,19.439,2412,63.36,,
Canada,CAN,2021-10-17,743,19.518,2328,61.154,,
Canada,CAN,2021-10-18,745,19.57,2296,60.313,,
Canada,CAN,2021-10-19,717,18.835,2407,63.229,,
Canada,CAN,2021-10-20,695,18.257,2329,61.18,,
Canada,CAN,2021-10-21,687,18.047,2321,60.97,,
Canada,CAN,2021-10-22,670,17.6,2239,58.816,,
Canada,CAN,2021-10-23,654,17.18,2227,58.501,,
Canada,CAN,2021-10-24,648,17.022,2084,54.744,,
Canada,CAN,2021-10-25,645,16.943,2036,53.483,,
Canada,CAN,2021-10-26,643,16.891,2133,56.031,,
Canada,CAN,2021-10-27,636,16.707,2102,55.217,,
Canada,CAN,2021-10-28,638,16.76,2048,53.799,,
Canada,CAN,2021-10-29,630,16.549,2027,53.247,,
Canada,CAN,2021-10-30,631,16.576,2017,52.984,,
Canada,CAN,2021-10-31,630,16.549,1900,49.911,,
Canada,CAN,2021-11-01,593,15.577,1858,48.808,,
Canada,CAN,2021-11-02,589,15.472,1975,51.881,,
Canada,CAN,2021-11-03,586,15.394,1987,52.196,,
Canada,CAN,2021-11-04,555,14.579,1947,51.145,,
Canada,CAN,2021-11-05,539,14.159,1905,50.042,,
Canada,CAN,2021-11-06,542,14.238,1885,49.517,,
Canada,CAN,2021-11-07,534,14.028,1768,46.443,,
Canada,CAN,2021-11-08,518,13.607,1704,44.762,,
Canada,CAN,2021-11-09,522,13.712,1855,48.729,,
Canada,CAN,2021-11-10,513,13.476,1783,46.837,,
Canada,CAN,2021-11-11,503,13.213,1778,46.706,,
Canada,CAN,2021-11-12,493,12.951,1705,44.788,,
Canada,CAN,2021-11-13,495,13.003,1749,45.944,,
Canada,CAN,2021-11-14,495,13.003,1613,42.372,,
Canada,CAN,2021-11-15,496,13.029,1590,41.767,,
Canada,CAN,2021-11-16,486,12.767,1762,46.286,,
Canada,CAN,2021-11-17,484,12.714,1731,45.471,,
Canada,CAN,2021-11-18,468,12.294,1699,44.631,,
Canada,CAN,2021-11-19,464,12.189,1678,44.079,,
Canada,CAN,2021-11-20,464,12.189,1690,44.394,,
Canada,CAN,2021-11-21,468,12.294,1509,39.64,,
Canada,CAN,2021-11-22,473,12.425,1494,39.246,,
Canada,CAN,2021-11-23,472,12.399,1672,43.922,,
Canada,CAN,2021-11-24,473,12.425,1653,43.422,,
Canada,CAN,2021-11-25,477,12.53,1577,41.426,,
Canada,CAN,2021-11-26,476,12.504,1568,41.19,,
Canada,CAN,2021-11-27,466,12.241,1549,40.69,,
Canada,CAN,2021-11-28,465,12.215,1414,37.144,,
Canada,CAN,2021-11-29,470,12.346,1456,38.247,,
Canada,CAN,2021-11-30,470,12.346,1582,41.557,,
Canada,CAN,2021-12-01,466,12.241,1618,42.503,,
Canada,CAN,2021-12-02,461,12.11,1574,41.347,,
Canada,CAN,2021-12-03,454,11.926,1526,40.086,,
Canada,CAN,2021-12-04,467,12.268,1518,39.876,,
Canada,CAN,2021-12-05,469,12.32,1373,36.067,,
Canada,CAN,2021-12-06,473,12.425,1312,34.465,,
Canada,CAN,2021-12-07,466,12.241,1531,40.218,,
Canada,CAN,2021-12-08,446,11.716,1503,39.482,,
Canada,CAN,2021-12-09,443,11.637,1464,38.458,,
Canada,CAN,2021-12-10,439,11.532,1446,37.985,,
Canada,CAN,2021-12-11,435,11.427,1452,38.142,,
Canada,CAN,2021-12-12,450,11.821,1354,35.568,,
Canada,CAN,2021-12-13,458,12.031,1362,35.778,,
Canada,CAN,2021-12-14,472,12.399,1530,40.191,,
Canada,CAN,2021-12-15,458,12.031,1513,39.745,,
Canada,CAN,2021-12-16,453,11.9,1461,38.379,,
Canada,CAN,2021-12-17,443,11.637,1503,39.482,,
Canada,CAN,2021-12-18,450,11.821,1551,40.743,,
Canada,CAN,2021-12-19,461,12.11,1488,39.088,,
Canada,CAN,2021-12-20,470,12.346,1480,38.878,,
Canada,CAN,2021-12-21,475,12.478,1630,42.818,,
Canada,CAN,2021-12-22,466,12.241,1656,43.501,,
Canada,CAN,2021-12-23,476,12.504,1710,44.92,,
Canada,CAN,2021-12-24,462,12.136,1761,46.259,,
Canada,CAN,2021-12-25,462,12.136,1761,46.259,,
Canada,CAN,2021-12-26,462,12.136,1761,46.259,,
Canada,CAN,2021-12-27,474,12.451,1733,45.524,,
Canada,CAN,2021-12-28,497,13.056,1999,52.511,,
Canada,CAN,2021-12-29,499,13.108,2418,63.518,,
Canada,CAN,2021-12-30,514,13.502,2820,74.078,,
Canada,CAN,2021-12-31,544,14.29,3148,82.694,,
Canada,CAN,2022-01-01,555,14.579,3416,89.734,,
Canada,CAN,2022-01-02,574,15.078,3289,86.398,,
Canada,CAN,2022-01-03,615,16.155,3614,94.936,,
Canada,CAN,2022-01-04,662,17.39,4059,106.625,,
Canada,CAN,2022-01-05,701,18.414,5083,133.525,,
Canada,CAN,2022-01-06,753,19.78,5532,145.319,,
Canada,CAN,2022-01-07,793,20.831,5981,157.114,,
Canada,CAN,2022-01-08,858,22.539,6286,165.126,,
Canada,CAN,2022-01-09,896,23.537,6255,164.312,,
Canada,CAN,2022-01-10,917,24.089,6733,176.868,,
Canada,CAN,2022-01-11,980,25.743,7829,205.659,,
Canada,CAN,2022-01-12,1022,26.847,8314,218.399,,
Canada,CAN,2022-01-13,1027,26.978,8737,229.511,,
Canada,CAN,2022-01-14,1053,27.661,9191,241.437,,
Canada,CAN,2022-01-15,1086,28.528,9463,248.582,,
Canada,CAN,2022-01-16,1118,29.369,9240,242.724,,
Canada,CAN,2022-01-17,1147,30.13,10070,264.527,,
Canada,CAN,2022-01-18,1185,31.129,10560,277.399,,
Canada,CAN,2022-01-19,1195,31.391,10615,278.844,,
Canada,CAN,2022-01-20,1203,31.601,10611,278.739,,
Canada,CAN,2022-01-21,1196,31.418,10706,281.234,,
Canada,CAN,2022-01-22,1217,31.969,10579,277.898,,
Canada,CAN,2022-01-23,1215,31.917,10350,271.883,,
Canada,CAN,2022-01-24,1222,32.101,10679,280.525,,
Canada,CAN,2022-01-25,1255,32.967,10872,285.595,,
Canada,CAN,2022-01-26,1213,31.864,10945,287.512,,
Canada,CAN,2022-01-27,1198,31.47,10561,277.425,,
Canada,CAN,2022-01-28,1207,31.706,10438,274.194,,
Canada,CAN,2022-01-29,1200,31.523,10339,271.594,,
Canada,CAN,2022-01-30,1189,31.234,9962,261.69,,
Canada,CAN,2022-01-31,1181,31.024,9825,258.091,,
Canada,CAN,2022-02-01,1167,30.656,9946,261.27,,
Canada,CAN,2022-02-02,1135,29.815,9672,254.072,,
Canada,CAN,2022-02-03,1118,29.369,9426,247.61,,
Canada,CAN,2022-02-04,1087,28.554,9078,238.469,,
Canada,CAN,2022-02-05,1063,27.924,8828,231.901,,
Canada,CAN,2022-02-06,1044,27.425,8505,223.417,,
Canada,CAN,2022-02-07,1037,27.241,8425,221.315,,
Canada,CAN,2022-02-08,1036,27.215,8553,224.677,,
Canada,CAN,2022-02-09,1010,26.532,8196,215.299,,
Canada,CAN,2022-02-10,990,26.006,7977,209.547,,
Canada,CAN,2022-02-11,967,25.402,7752,203.636,,
Canada,CAN,2022-02-12,938,24.64,7553,198.409,,
Canada,CAN,2022-02-13,914,24.01,7305,191.894,,
Canada,CAN,2022-02-14,878,23.064,7032,184.722,,
Canada,CAN,2022-02-15,863,22.67,7160,188.085,,
Canada,CAN,2022-02-16,831,21.829,6875,180.598,,
Canada,CAN,2022-02-17,816,21.435,6669,175.187,,
Canada,CAN,2022-02-18,794,20.857,6507,170.931,,
Canada,CAN,2022-02-19,773,20.306,6366,167.227,,
Canada,CAN,2022-02-20,762,20.017,6194,162.709,,
Canada,CAN,2022-02-21,767,20.148,6212,163.182,,
Canada,CAN,2022-02-22,719,18.887,5965,156.694,,
Canada,CAN,2022-02-23,704,18.493,5903,155.065,,
Canada,CAN,2022-02-24,674,17.705,5684,149.312,,
Canada,CAN,2022-02-25,662,17.39,5456,143.323,,
Canada,CAN,2022-02-26,649,17.048,5477,143.874,,
Canada,CAN,2022-02-27,646,16.97,5295,139.094,,
Canada,CAN,2022-02-28,617,16.208,5069,133.157,,
Canada,CAN,2022-03-01,607,15.945,5095,133.84,,
Canada,CAN,2022-03-02,604,15.866,4973,130.635,,
Canada,CAN,2022-03-03,584,15.341,4880,128.192,,
Canada,CAN,2022-03-04,566,14.868,4714,123.831,,
Canada,CAN,2022-03-05,557,14.632,4688,123.148,,
Canada,CAN,2022-03-06,549,14.422,4522,118.788,,
Canada,CAN,2022-03-07,552,14.5,4453,116.975,,
Canada,CAN,2022-03-08,544,14.29,4490,117.947,,
Canada,CAN,2022-03-09,533,14.001,4423,116.187,,
Canada,CAN,2022-03-10,522,13.712,4299,112.93,,
Canada,CAN,2022-03-11,502,13.187,4193,110.145,,
Canada,CAN,2022-03-12,496,13.029,4198,110.277,,
Canada,CAN,2022-03-13,492,12.924,4198,110.277,,
Canada,CAN,2022-03-14,489,12.845,3958,103.972,,
Canada,CAN,2022-03-15,480,12.609,4058,106.599,,
Canada,CAN,2022-03-16,449,11.795,3906,102.606,,
Canada,CAN,2022-03-17,431,11.322,3830,100.61,,
Canada,CAN,2022-03-18,412,10.823,3766,98.928,,
Canada,CAN,2022-03-19,404,10.613,3764,98.876,,
Canada,CAN,2022-03-20,401,10.534,3702,97.247,,
Canada,CAN,2022-03-21,408,10.718,3674,96.512,,
Canada,CAN,2022-03-22,409,10.744,3813,100.163,,
Canada,CAN,2022-03-23,402,10.56,3775,99.165,,
Canada,CAN,2022-03-24,400,10.508,3830,100.61,,
Canada,CAN,2022-03-25,400,10.508,3821,100.373,,
Canada,CAN,2022-03-26,396,10.402,3861,101.424,,
Canada,CAN,2022-03-27,396,10.402,3861,101.424,,
Canada,CAN,2022-03-28,390,10.245,3911,102.737,,
Canada,CAN,2022-03-29,397,10.429,4079,107.151,,
Canada,CAN,2022-03-30,386,10.14,4125,108.359,,
Canada,CAN,2022-03-31,392,10.297,4225,110.986,,
Canada,CAN,2022-04-01,382,10.035,4250,111.643,,
Canada,CAN,2022-04-02,380,9.982,4301,112.982,,
Canada,CAN,2022-04-03,381,10.008,4301,112.982,,
Canada,CAN,2022-04-04,389,10.219,4487,117.868,,
Canada,CAN,2022-04-05,394,10.35,4742,124.567,,
Canada,CAN,2022-04-06,382,10.035,4838,127.089,,
Canada,CAN,2022-04-07,371,9.746,4957,130.215,,
Canada,CAN,2022-04-08,369,9.693,5012,131.659,,
Canada,CAN,2022-04-09,377,9.903,5074,133.288,,
Canada,CAN,2022-04-10,378,9.93,5083,133.525,,
Canada,CAN,2022-04-11,399,10.481,5120,134.496,,
Canada,CAN,2022-04-12,417,10.954,5599,147.079,,
Canada,CAN,2022-04-13,428,11.243,5747,150.967,,
Canada,CAN,2022-04-14,440,11.558,5958,156.51,,
Canada,CAN,2022-04-15,445,11.69,5993,157.429,,
Canada,CAN,2022-04-16,448,11.768,5696,149.627,,
Canada,CAN,2022-04-17,460,12.084,5856,153.83,,
Canada,CAN,2022-04-18,465,12.215,5867,154.119,,
Canada,CAN,2022-04-19,468,12.294,6271,164.732,,
Canada,CAN,2022-04-20,461,12.11,6619,173.873,,
Canada,CAN,2022-04-21,453,11.9,6787,178.287,,
Canada,CAN,2022-04-22,460,12.084,6752,177.367,,
Canada,CAN,2022-04-23,458,12.031,6845,179.81,,
Canada,CAN,2022-04-24,458,12.031,6523,171.352,,
Canada,CAN,2022-04-25,463,12.162,6556,172.219,,
Canada,CAN,2022-04-26,471,12.373,6894,181.097,,
Canada,CAN,2022-04-27,469,12.32,6955,182.7,,
Canada,CAN,2022-04-28,459,12.057,6905,181.386,,
Canada,CAN,2022-04-29,462,12.136,6887,180.914,,
Canada,CAN,2022-04-30,441,11.585,6884,180.835,,
Canada,CAN,2022-05-01,440,11.558,6618,173.847,,
Canada,CAN,2022-05-02,461,12.11,6511,171.036,,
Canada,CAN,2022-05-03,446,11.716,6805,178.759,,
Canada,CAN,2022-05-04,444,11.663,6822,179.206,,
Canada,CAN,2022-05-05,434,11.401,6755,177.446,,
Canada,CAN,2022-05-06,435,11.427,6673,175.292,,
Canada,CAN,2022-05-07,429,11.269,6574,172.691,,
Canada,CAN,2022-05-08,432,11.348,6178,162.289,,
Canada,CAN,2022-05-09,432,11.348,6083,159.793,,
Canada,CAN,2022-05-10,415,10.902,6382,167.648,,
Canada,CAN,2022-05-11,390,10.245,6259,164.417,,
Canada,CAN,2022-05-12,383,10.061,6087,159.898,,
Canada,CAN,2022-05-13,375,9.851,6022,158.191,,
Canada,CAN,2022-05-14,375,9.851,6022,158.191,,
Canada,CAN,2022-05-15,375,9.851,6022,158.191,,
Canada,CAN,2022-05-16,367,9.641,5879,154.435,,
United States,USA,2020-07-15,9245,27.77,33759,101.404,,
United States,USA,2020-07-16,9797,29.428,38537,115.756,,
United States,USA,2020-07-17,10700,32.14,40060,120.331,,
United States,USA,2020-07-18,10963,32.93,40375,121.277,,
United States,USA,2020-07-19,10271,30.852,37900,113.843,,
United States,USA,2020-07-20,11291,33.916,41140,123.575,,
United States,USA,2020-07-21,11458,34.417,42195,126.744,30554,91.777
United States,USA,2020-07-22,12487,37.508,46107,138.495,31354,94.18
United States,USA,2020-07-23,13912,41.788,47824,143.652,31681,95.162
United States,USA,2020-07-24,13623,40.92,46738,140.39,31872,95.736
United States,USA,2020-07-25,14398,43.248,51819,155.652,32807,98.545
United States,USA,2020-07-26,12403,37.256,42898,128.856,33652,101.083
United States,USA,2020-07-27,14230,42.744,47165,141.673,34623,103.999
United States,USA,2020-07-28,14578,43.789,48110,144.511,35636,107.042
United States,USA,2020-07-29,14021,42.116,45613,137.011,36272,108.953
United States,USA,2020-07-30,14653,44.014,46830,140.667,36796,110.527
United States,USA,2020-07-31,14603,43.864,46150,138.624,38016,114.191
United States,USA,2020-08-01,14400,43.254,50417,151.441,38568,115.849
United States,USA,2020-08-02,14053,42.212,50236,150.897,38555,115.81
United States,USA,2020-08-03,14245,42.789,45290,136.041,38036,114.251
United States,USA,2020-08-04,14116,42.401,45133,135.569,37001,111.142
United States,USA,2020-08-05,14059,42.23,44661,134.151,36588,109.902
United States,USA,2020-08-06,13885,41.707,43890,131.835,36112,108.472
United States,USA,2020-08-07,13769,41.359,43209,129.79,34744,104.363
United States,USA,2020-08-08,13358,40.124,41590,124.927,33365,100.221
United States,USA,2020-08-09,13163,39.539,41479,124.593,33011,99.157
United States,USA,2020-08-10,13181,39.593,42068,126.363,32635,98.028
United States,USA,2020-08-11,13058,39.223,41642,125.083,32367,97.223
United States,USA,2020-08-12,12868,38.653,41816,125.606,31980,96.061
United States,USA,2020-08-13,12677,38.079,41240,123.875,31663,95.108
United States,USA,2020-08-14,12512,37.583,39980,120.091,31570,94.829
United States,USA,2020-08-15,12246,36.784,38699,116.243,31655,95.084
United States,USA,2020-08-16,11991,36.018,38850,116.696,31680,95.159
United States,USA,2020-08-17,11967,35.946,39032,117.243,32163,96.61
United States,USA,2020-08-18,11958,35.919,38897,116.838,32112,96.457
United States,USA,2020-08-19,11571,34.757,38002,114.149,31929,95.907
United States,USA,2020-08-20,11263,33.831,37321,112.104,31756,95.388
United States,USA,2020-08-21,11031,33.135,35989,108.103,31102,93.423
United States,USA,2020-08-22,10779,32.378,34888,104.795,30882,92.762
United States,USA,2020-08-23,10738,32.254,34609,103.957,30413,91.354
United States,USA,2020-08-24,10691,32.113,34791,104.504,29605,88.927
United States,USA,2020-08-25,10603,31.849,34479,103.567,29228,87.794
United States,USA,2020-08-26,10383,31.188,33624,100.999,29374,88.233
United States,USA,2020-08-27,9905,29.752,33285,99.98,29131,87.503
United States,USA,2020-08-28,9883,29.686,31898,95.814,29624,88.984
United States,USA,2020-08-29,9697,29.128,31178,93.652,29715,89.257
United States,USA,2020-08-30,9549,28.683,31075,93.342,29926,89.891
United States,USA,2020-08-31,9509,28.563,31395,94.303,30061,90.296
United States,USA,2020-09-01,9471,28.449,31118,93.471,29816,89.56
United States,USA,2020-09-02,9362,28.121,30827,92.597,29474,88.533
United States,USA,2020-09-03,9234,27.737,30300,91.014,29143,87.539
United States,USA,2020-09-04,9228,27.719,29879,89.75,28542,85.734
United States,USA,2020-09-05,9091,27.307,28845,86.644,27699,83.201
United States,USA,2020-09-06,9010,27.064,28369,85.214,27096,81.39
United States,USA,2020-09-07,8974,26.956,28589,85.875,26610,79.93
United States,USA,2020-09-08,8971,26.947,28952,86.965,26155,78.564
United States,USA,2020-09-09,8784,26.385,28775,86.433,26622,79.966
United States,USA,2020-09-10,8590,25.802,28066,84.304,27278,81.937
United States,USA,2020-09-11,8529,25.619,27368,82.207,27679,83.141
United States,USA,2020-09-12,8308,24.955,26496,79.588,27964,83.997
United States,USA,2020-09-13,8261,24.814,26329,79.086,28406,85.325
United States,USA,2020-09-14,8264,24.823,26788,80.465,28032,84.202
United States,USA,2020-09-15,8158,24.505,26935,80.907,28257,84.878
United States,USA,2020-09-16,8074,24.252,26372,79.215,27190,81.672
United States,USA,2020-09-17,8025,24.105,26085,78.353,26255,78.864
United States,USA,2020-09-18,7970,23.94,25833,77.596,25317,76.046
United States,USA,2020-09-19,7833,23.529,25481,76.539,24700,74.193
United States,USA,2020-09-20,7840,23.55,25543,76.725,24019,72.148
United States,USA,2020-09-21,7856,23.598,26379,79.236,24190,72.661
United States,USA,2020-09-22,7862,23.616,26440,79.42,24045,72.226
United States,USA,2020-09-23,7861,23.613,26483,79.549,24257,72.862
United States,USA,2020-09-24,7830,23.52,26406,79.318,24266,72.889
United States,USA,2020-09-25,7813,23.468,26274,78.921,24381,73.235
United States,USA,2020-09-26,7796,23.417,25903,77.807,24656,74.061
United States,USA,2020-09-27,8067,24.231,25970,78.008,24877,74.725
United States,USA,2020-09-28,7915,23.775,27021,81.165,25358,76.17
United States,USA,2020-09-29,8043,24.159,27506,82.622,25714,77.239
United States,USA,2020-09-30,8070,24.24,27668,83.108,26017,78.149
United States,USA,2020-10-01,8005,24.045,27477,82.535,26474,79.522
United States,USA,2020-10-02,7957,23.901,27408,82.327,26723,80.27
United States,USA,2020-10-03,7964,23.922,27271,81.916,27244,81.835
United States,USA,2020-10-04,8119,24.388,27871,83.718,27606,82.922
United States,USA,2020-10-05,8332,25.027,28956,86.977,28493,85.586
United States,USA,2020-10-06,8571,25.745,30005,90.128,29770,89.422
United States,USA,2020-10-07,8638,25.947,30542,91.741,30590,91.885
United States,USA,2020-10-08,8624,25.905,31014,93.159,31385,94.273
United States,USA,2020-10-09,8723,26.202,31206,93.736,32250,96.872
United States,USA,2020-10-10,8730,26.223,30982,93.063,32788,98.488
United States,USA,2020-10-11,8819,26.49,31434,94.42,33669,101.134
United States,USA,2020-10-12,9047,27.175,32758,98.397,33744,101.359
United States,USA,2020-10-13,9411,28.268,33506,100.644,33795,101.512
United States,USA,2020-10-14,9303,27.944,33935,101.933,34341,103.152
United States,USA,2020-10-15,9478,28.47,34387,103.291,34786,104.489
United States,USA,2020-10-16,9538,28.65,34639,104.048,35602,106.94
United States,USA,2020-10-17,9516,28.584,34319,103.086,36369,109.244
United States,USA,2020-10-18,9725,29.212,35011,105.165,36996,111.127
United States,USA,2020-10-19,10075,30.263,36431,109.43,37558,112.816
United States,USA,2020-10-20,10215,30.684,37411,112.374,38328,115.128
United States,USA,2020-10-21,10453,31.398,38148,114.588,38973,117.066
United States,USA,2020-10-22,10648,31.984,38841,116.669,39853,119.709
United States,USA,2020-10-23,10712,32.176,39082,117.393,40411,121.385
United States,USA,2020-10-24,10710,32.17,39341,118.171,41143,123.584
United States,USA,2020-10-25,10854,32.603,39986,120.109,41400,124.356
United States,USA,2020-10-26,11111,33.375,41336,124.164,41724,125.329
United States,USA,2020-10-27,11431,34.336,42272,126.975,42148,126.603
United States,USA,2020-10-28,11660,35.024,43483,130.613,43168,129.667
United States,USA,2020-10-29,11825,35.52,44165,132.661,44181,132.71
United States,USA,2020-10-30,11854,35.607,45110,135.5,45481,136.614
United States,USA,2020-10-31,11887,35.706,45086,135.428,46113,138.513
United States,USA,2020-11-01,12131,36.439,46088,138.438,47036,141.285
United States,USA,2020-11-02,12594,37.829,47971,144.094,48326,145.16
United States,USA,2020-11-03,12928,38.833,49105,147.5,49617,149.038
United States,USA,2020-11-04,13003,39.058,50465,151.585,50684,152.243
United States,USA,2020-11-05,13228,39.734,51785,155.55,51990,156.166
United States,USA,2020-11-06,13357,40.121,52838,158.713,53365,160.296
United States,USA,2020-11-07,13479,40.488,53817,161.654,55449,166.556
United States,USA,2020-11-08,14008,42.077,55711,167.343,57417,172.467
United States,USA,2020-11-09,14409,43.281,58481,175.663,59225,177.898
United States,USA,2020-11-10,14835,44.561,61415,184.476,61656,185.2
United States,USA,2020-11-11,15116,45.405,63329,190.226,64015,192.286
United States,USA,2020-11-12,15592,46.835,65199,195.843,66110,198.579
United States,USA,2020-11-13,15868,47.664,66124,198.621,68039,204.373
United States,USA,2020-11-14,16238,48.775,67215,201.898,69818,209.717
United States,USA,2020-11-15,16808,50.487,69513,208.801,71643,215.199
United States,USA,2020-11-16,17538,52.68,73098,219.57,73394,220.459
United States,USA,2020-11-17,18088,54.332,75496,226.773,75256,226.052
United States,USA,2020-11-18,18331,55.062,77317,232.242,76926,231.068
United States,USA,2020-11-19,18742,56.297,78341,235.318,78512,235.832
United States,USA,2020-11-20,18916,56.819,79734,239.503,80283,241.152
United States,USA,2020-11-21,19091,57.345,79858,239.875,81657,245.279
United States,USA,2020-11-22,19658,59.048,81792,245.684,82545,247.946
United States,USA,2020-11-23,20176,60.604,84173,252.836,83417,250.565
United States,USA,2020-11-24,20572,61.794,86039,258.441,84715,254.464
United States,USA,2020-11-25,20831,62.572,87121,261.691,85845,257.859
United States,USA,2020-11-26,21025,63.154,86550,259.976,86419,259.583
United States,USA,2020-11-27,21327,64.061,88100,264.632,85020,255.38
United States,USA,2020-11-28,21483,64.53,89600,269.138,85974,258.246
United States,USA,2020-11-29,21919,65.84,92448,277.692,87382,262.475
United States,USA,2020-11-30,22500,67.585,95095,285.643,88259,265.11
United States,USA,2020-12-01,22868,68.69,96673,290.383,89208,267.96
United States,USA,2020-12-02,22962,68.973,97838,293.883,89902,270.045
United States,USA,2020-12-03,23043,69.216,97849,293.916,91087,273.604
United States,USA,2020-12-04,23123,69.456,98140,294.79,94018,282.408
United States,USA,2020-12-05,23172,69.603,97246,292.105,94854,284.92
United States,USA,2020-12-06,23435,70.393,98653,296.331,94877,284.989
United States,USA,2020-12-07,23892,71.766,101027,303.462,95428,286.644
United States,USA,2020-12-08,24197,72.682,102304,307.298,95762,287.647
United States,USA,2020-12-09,24612,73.929,104371,313.506,96919,291.122
United States,USA,2020-12-10,24636,74.001,105048,315.54,98268,295.174
United States,USA,2020-12-11,24747,74.334,105653,317.357,99501,298.878
United States,USA,2020-12-12,24634,73.995,105358,316.471,100640,302.299
United States,USA,2020-12-13,25074,75.317,107402,322.611,101588,305.147
United States,USA,2020-12-14,25560,76.776,109689,329.48,102441,307.709
United States,USA,2020-12-15,25812,77.533,110996,333.406,103842,311.917
United States,USA,2020-12-16,25974,78.02,112009,336.449,104315,313.338
United States,USA,2020-12-17,25894,77.78,112445,337.759,104300,313.293
United States,USA,2020-12-18,25950,77.948,112114,336.765,104298,313.287
United States,USA,2020-12-19,25801,77.5,111037,333.53,104395,313.578
United States,USA,2020-12-20,26057,78.269,112401,337.627,104856,314.963
United States,USA,2020-12-21,26431,79.393,114648,344.376,105463,316.786
United States,USA,2020-12-22,26730,80.291,117527,353.024,106043,318.529
United States,USA,2020-12-23,26928,80.885,118105,354.76,106930,321.193
United States,USA,2020-12-24,26714,80.243,116273,349.257,107484,322.857
United States,USA,2020-12-25,26559,79.777,113495,340.913,106724,320.574
United States,USA,2020-12-26,26734,80.303,115520,346.995,104936,315.204
United States,USA,2020-12-27,27063,81.291,118987,357.409,106216,319.048
United States,USA,2020-12-28,27519,82.661,121424,364.73,106869,321.01
United States,USA,2020-12-29,27782,83.451,122664,368.454,106708,320.526
United States,USA,2020-12-30,27697,83.195,123921,372.23,107060,321.584
United States,USA,2020-12-31,27748,83.349,123346,370.503,108010,324.437
United States,USA,2021-01-01,27471,82.517,121053,363.615,109535,329.018
United States,USA,2021-01-02,27614,82.946,122668,368.466,111290,334.289
United States,USA,2021-01-03,28006,84.124,125595,377.258,112069,336.629
United States,USA,2021-01-04,28266,84.905,127426,382.758,112336,337.431
United States,USA,2021-01-05,28528,85.692,128858,387.06,113829,341.916
United States,USA,2021-01-06,28608,85.932,129805,389.904,114720,344.592
United States,USA,2021-01-07,28491,85.58,128819,386.943,115039,345.551
United States,USA,2021-01-08,28365,85.202,127893,384.161,116013,348.476
United States,USA,2021-01-09,28187,84.667,126426,379.755,117656,353.411
United States,USA,2021-01-10,28370,85.217,126538,380.091,116243,349.167
United States,USA,2021-01-11,28739,86.325,127639,383.398,115308,346.359
United States,USA,2021-01-12,28891,86.782,127090,381.749,113846,341.967
United States,USA,2021-01-13,28734,86.31,126585,380.232,112599,338.221
United States,USA,2021-01-14,28527,85.689,133268,400.306,111773,335.74
United States,USA,2021-01-15,28422,85.373,123790,371.837,111022,333.484
United States,USA,2021-01-16,28120,84.466,121139,363.874,109852,329.97
United States,USA,2021-01-17,27891,83.778,120835,362.96,108767,326.711
United States,USA,2021-01-18,27831,83.598,120422,361.72,107616,323.254
United States,USA,2021-01-19,27584,82.856,119383,358.599,105530,316.988
United States,USA,2021-01-20,27003,81.111,117143,351.871,103154,309.851
United States,USA,2021-01-21,26517,79.651,114100,342.73,100805,302.795
United States,USA,2021-01-22,26006,78.116,111835,335.927,98767,296.673
United States,USA,2021-01-23,25364,76.188,108126,324.786,96481,289.807
United States,USA,2021-01-24,25121,75.458,107008,321.427,94452,283.712
United States,USA,2021-01-25,25003,75.103,106268,319.205,92178,276.881
United States,USA,2021-01-26,24897,74.785,104627,314.275,90895,273.028
United States,USA,2021-01-27,24360,73.172,102664,308.379,89328,268.321
United States,USA,2021-01-28,23786,71.448,100052,300.533,87640,263.25
United States,USA,2021-01-29,23121,69.45,96111,288.695,84648,254.263
United States,USA,2021-01-30,22708,68.21,92548,277.993,82400,247.511
United States,USA,2021-01-31,22503,67.594,91438,274.659,80527,241.885
United States,USA,2021-02-01,22230,66.774,90582,272.087,79093,237.577
United States,USA,2021-02-02,21767,65.383,89004,267.347,76508,229.812
United States,USA,2021-02-03,21406,64.299,87290,262.199,74576,224.009
United States,USA,2021-02-04,20872,62.695,84604,254.131,73011,219.308
United States,USA,2021-02-05,20354,61.139,82139,246.727,71948,216.115
United States,USA,2021-02-06,19863,59.664,79113,237.637,70719,212.424
United States,USA,2021-02-07,19377,58.204,77866,233.891,69310,208.191
United States,USA,2021-02-08,19328,58.057,76870,230.9,67660,203.235
United States,USA,2021-02-09,18929,56.858,75626,227.163,66095,198.534
United States,USA,2021-02-10,18316,55.017,72859,218.852,64192,192.818
United States,USA,2021-02-11,17714,53.209,70110,210.594,61890,185.903
United States,USA,2021-02-12,17334,52.067,67539,202.872,59678,179.259
United States,USA,2021-02-13,16865,50.659,64762,194.53,57416,172.464
United States,USA,2021-02-14,16350,49.112,63300,190.139,55811,167.643
United States,USA,2021-02-15,16227,48.742,62214,186.876,54082,162.45
United States,USA,2021-02-16,15921,47.823,61504,184.744,51999,156.193
United States,USA,2021-02-17,15579,46.796,62253,186.994,50597,151.982
United States,USA,2021-02-18,15024,45.129,58309,175.147,49186,147.743
United States,USA,2021-02-19,14492,43.531,56739,170.431,47947,144.022
United States,USA,2021-02-20,14111,42.386,54402,163.411,47109,141.505
United States,USA,2021-02-21,13724,41.224,53615,161.047,46410,139.405
United States,USA,2021-02-22,13671,41.065,53026,159.278,46232,138.87
United States,USA,2021-02-23,13354,40.112,51984,156.148,45980,138.113
United States,USA,2021-02-24,12892,38.725,50965,153.087,45300,136.071
United States,USA,2021-02-25,12464,37.439,49047,147.326,44621,134.031
United States,USA,2021-02-26,12165,36.541,47229,141.865,43674,131.187
United States,USA,2021-02-27,11716,35.192,45336,136.179,42526,127.738
United States,USA,2021-02-28,11552,34.7,44874,134.791,41679,125.194
United States,USA,2021-03-01,11362,34.129,43721,131.328,40540,121.773
United States,USA,2021-03-02,11040,33.162,42650,128.111,39206,117.766
United States,USA,2021-03-03,10745,32.275,42159,126.636,38015,114.188
United States,USA,2021-03-04,10556,31.708,40176,120.679,37178,111.674
United States,USA,2021-03-05,10323,31.008,39582,118.895,36734,110.34
United States,USA,2021-03-06,10029,30.125,38207,114.765,36198,108.73
United States,USA,2021-03-07,9848,29.581,37770,113.452,35566,106.832
United States,USA,2021-03-08,9790,29.407,37687,113.203,35289,106
United States,USA,2021-03-09,9612,28.872,37040,111.26,34964,105.024
United States,USA,2021-03-10,9456,28.404,36666,110.136,34737,104.342
United States,USA,2021-03-11,9242,27.761,35915,107.88,34270,102.939
United States,USA,2021-03-12,9120,27.394,35648,107.078,34183,102.678
United States,USA,2021-03-13,8907,26.755,34984,105.084,33857,101.699
United States,USA,2021-03-14,8775,26.358,34413,103.369,33645,101.062
United States,USA,2021-03-15,8787,26.394,34701,104.234,33531,100.719
United States,USA,2021-03-16,8736,26.241,34577,103.861,33410,100.356
United States,USA,2021-03-17,8682,26.079,34595,103.915,33169,99.632
United States,USA,2021-03-18,8521,25.595,34104,102.441,33154,99.587
United States,USA,2021-03-19,8422,25.298,34035,102.233,32830,98.614
United States,USA,2021-03-20,8241,24.754,33214,99.767,32980,99.064
United States,USA,2021-03-21,8127,24.412,33283,99.974,32999,99.121
United States,USA,2021-03-22,8347,25.072,33742,101.353,33051,99.278
United States,USA,2021-03-23,8379,25.169,33996,102.116,33334,100.128
United States,USA,2021-03-24,8489,25.499,34368,103.234,33606,100.945
United States,USA,2021-03-25,8338,25.045,34362,103.216,33951,101.981
United States,USA,2021-03-26,8329,25.018,34634,104.033,34229,102.816
United States,USA,2021-03-27,8201,24.634,33946,101.966,34416,103.378
United States,USA,2021-03-28,8359,25.109,34464,103.522,34984,105.084
United States,USA,2021-03-29,8439,25.349,35027,105.213,35248,105.877
United States,USA,2021-03-30,8572,25.748,35418,106.387,35410,106.363
United States,USA,2021-03-31,8502,25.538,35568,106.838,35477,106.565
United States,USA,2021-04-01,8470,25.442,35571,106.847,35584,106.886
United States,USA,2021-04-02,8466,25.43,35607,106.955,35765,107.43
United States,USA,2021-04-03,8541,25.655,35195,105.718,36005,108.151
United States,USA,2021-04-04,8606,25.85,35675,107.159,36124,108.508
United States,USA,2021-04-05,8849,26.58,36624,110.01,36508,109.662
United States,USA,2021-04-06,9012,27.07,37551,112.795,37137,111.551
United States,USA,2021-04-07,9024,27.106,37752,113.398,37692,113.218
United States,USA,2021-04-08,9194,27.617,37953,114.002,38058,114.317
United States,USA,2021-04-09,9145,27.469,37856,113.711,38478,115.579
United States,USA,2021-04-10,9130,27.424,37546,112.78,38792,116.522
United States,USA,2021-04-11,9245,27.77,38089,114.411,39199,117.745
United States,USA,2021-04-12,9452,28.392,38927,116.928,39432,118.445
United States,USA,2021-04-13,9536,28.644,39201,117.751,39322,118.114
United States,USA,2021-04-14,9583,28.785,39474,118.571,39341,118.171
United States,USA,2021-04-15,9476,28.464,39188,117.712,39380,118.288
United States,USA,2021-04-16,9530,28.626,39406,118.367,39588,118.913
United States,USA,2021-04-17,9551,28.689,39012,117.183,39866,119.748
United States,USA,2021-04-18,9632,28.932,39460,118.529,39889,119.817
United States,USA,2021-04-19,9828,29.521,40212,120.788,39867,119.751
United States,USA,2021-04-20,9918,29.791,40206,120.77,39734,119.352
United States,USA,2021-04-21,9917,29.788,40051,120.304,39553,118.808
United States,USA,2021-04-22,9842,29.563,39201,117.751,39243,117.877
United States,USA,2021-04-23,9705,29.152,38562,115.831,38543,115.774
United States,USA,2021-04-24,9572,28.752,37357,112.212,37758,113.416
United States,USA,2021-04-25,9546,28.674,37133,111.539,37096,111.428
United States,USA,2021-04-26,9759,29.314,37540,112.761,36497,109.629
United States,USA,2021-04-27,9665,29.031,37207,111.761,35992,108.112
United States,USA,2021-04-28,9537,28.647,36886,110.797,35406,106.351
United States,USA,2021-04-29,9371,28.148,35988,108.1,34959,105.009
United States,USA,2021-04-30,9242,27.761,35364,106.225,34748,104.375
United States,USA,2021-05-01,9105,27.349,34005,102.143,34221,102.792
United States,USA,2021-05-02,9075,27.259,33764,101.419,33736,101.335
United States,USA,2021-05-03,9209,27.662,33964,102.02,33515,100.671
United States,USA,2021-05-04,9180,27.575,33755,101.392,32999,99.121
United States,USA,2021-05-05,8954,26.896,33349,100.173,32496,97.61
United States,USA,2021-05-06,8833,26.532,32505,97.638,31872,95.736
United States,USA,2021-05-07,8646,25.971,31832,95.616,31194,93.7
United States,USA,2021-05-08,8468,25.436,30635,92.02,30794,92.498
United States,USA,2021-05-09,8359,25.109,30154,90.576,30187,90.675
United States,USA,2021-05-10,8341,25.054,29987,90.074,29502,88.617
United States,USA,2021-05-11,8298,24.925,29482,88.557,28806,86.527
United States,USA,2021-05-12,8115,24.376,29116,87.458,28203,84.715
United States,USA,2021-05-13,7917,23.781,28174,84.628,27570,82.814
United States,USA,2021-05-14,7628,22.913,27422,82.369,26925,80.876
United States,USA,2021-05-15,7409,22.255,26184,78.651,26273,78.918
United States,USA,2021-05-16,7270,21.837,25646,77.035,25801,77.5
United States,USA,2021-05-17,7299,21.925,25563,76.785,25229,75.782
United States,USA,2021-05-18,7163,21.516,25023,75.163,24703,74.202
United States,USA,2021-05-19,7059,21.204,24929,74.881,24294,72.974
United States,USA,2021-05-20,6841,20.549,23954,71.952,23785,71.445
United States,USA,2021-05-21,6664,20.017,23397,70.279,23350,70.138
United States,USA,2021-05-22,6472,19.44,22643,68.014,23040,69.207
United States,USA,2021-05-23,6412,19.26,22445,67.42,22858,68.66
United States,USA,2021-05-24,6419,19.281,22431,67.378,22662,68.071
United States,USA,2021-05-25,6311,18.957,22087,66.344,22320,67.044
United States,USA,2021-05-26,6140,18.443,21603,64.89,21812,65.518
United States,USA,2021-05-27,6000,18.023,21056,63.247,21586,64.839
United States,USA,2021-05-28,5778,17.356,20398,61.271,21111,63.413
United States,USA,2021-05-29,5606,16.839,19474,58.495,20480,61.517
United States,USA,2021-05-30,5525,16.596,19062,57.258,19930,59.865
United States,USA,2021-05-31,5542,16.647,18678,56.104,19313,58.012
United States,USA,2021-06-01,5491,16.494,18657,56.041,18349,55.116
United States,USA,2021-06-02,5322,15.986,18087,54.329,17945,53.903
United States,USA,2021-06-03,5175,15.545,17634,52.968,17408,52.29
United States,USA,2021-06-04,4995,15.004,16970,50.974,17005,51.079
United States,USA,2021-06-05,4768,14.322,16298,48.955,16685,50.118
United States,USA,2021-06-06,4677,14.049,15987,48.021,16357,49.133
United States,USA,2021-06-07,4685,14.073,15742,47.285,16074,48.283
United States,USA,2021-06-08,4608,13.841,15630,46.949,16129,48.448
United States,USA,2021-06-09,4479,13.454,15266,45.856,15698,47.153
United States,USA,2021-06-10,4383,13.166,14838,44.57,15412,46.294
United States,USA,2021-06-11,4300,12.916,14421,43.317,15195,45.642
United States,USA,2021-06-12,4186,12.574,13940,41.873,14948,44.9
United States,USA,2021-06-13,4049,12.162,13957,41.924,14824,44.528
United States,USA,2021-06-14,4068,12.219,13929,41.839,14716,44.203
United States,USA,2021-06-15,3939,11.832,13722,41.218,14392,43.23
United States,USA,2021-06-16,3880,11.655,13496,40.539,14230,42.744
United States,USA,2021-06-17,3806,11.432,13094,39.331,13968,41.957
United States,USA,2021-06-18,3739,11.231,12855,38.613,13737,41.263
United States,USA,2021-06-19,3673,11.033,12483,37.496,13551,40.704
United States,USA,2021-06-20,3663,11.003,12503,37.556,13337,40.061
United States,USA,2021-06-21,3708,11.138,12593,37.826,13181,39.593
United States,USA,2021-06-22,3744,11.246,12539,37.664,13204,39.662
United States,USA,2021-06-23,3700,11.114,12612,37.884,13121,39.412
United States,USA,2021-06-24,3636,10.922,12397,37.238,13156,39.518
United States,USA,2021-06-25,3617,10.865,12408,37.271,13093,39.328
United States,USA,2021-06-26,3562,10.699,12238,36.76,13204,39.662
United States,USA,2021-06-27,3525,10.588,12233,36.745,13373,40.169
United States,USA,2021-06-28,3617,10.865,12510,37.577,13529,40.638
United States,USA,2021-06-29,3676,11.042,12664,38.04,13597,40.842
United States,USA,2021-06-30,3673,11.033,12881,38.692,13767,41.353
United States,USA,2021-07-01,3614,10.856,12865,38.643,13876,41.68
United States,USA,2021-07-02,4027,12.096,13236,39.758,14294,42.936
United States,USA,2021-07-03,3753,11.273,12918,38.803,14458,43.428
United States,USA,2021-07-04,3777,11.345,13121,39.412,14577,43.786
United States,USA,2021-07-05,3883,11.664,13433,40.35,14757,44.327
United States,USA,2021-07-06,3980,11.955,13974,41.975,14980,44.996
United States,USA,2021-07-07,4132,12.412,14665,44.05,15499,46.555
United States,USA,2021-07-08,4297,12.907,15074,45.279,16109,48.388
United States,USA,2021-07-09,4369,13.123,15409,46.285,16539,49.679
United States,USA,2021-07-10,4442,13.343,15710,47.189,17226,51.743
United States,USA,2021-07-11,4637,13.928,16396,49.25,17910,53.798
United States,USA,2021-07-12,4883,14.667,17330,52.055,18721,56.234
United States,USA,2021-07-13,5072,15.235,18204,54.681,19729,59.261
United States,USA,2021-07-14,5255,15.785,19085,57.327,20339,61.094
United States,USA,2021-07-15,5474,16.443,19915,59.82,21142,63.506
United States,USA,2021-07-16,5785,17.377,20874,62.701,22095,66.368
United States,USA,2021-07-17,5994,18.005,21595,64.866,23083,69.336
United States,USA,2021-07-18,6272,18.84,22564,67.777,24072,72.307
United States,USA,2021-07-19,6717,20.176,24261,72.874,25216,75.743
United States,USA,2021-07-20,7115,21.372,25700,77.197,26614,79.942
United States,USA,2021-07-21,7408,22.252,27057,81.273,28103,84.415
United States,USA,2021-07-22,7687,23.09,28605,85.923,29859,89.69
United States,USA,2021-07-23,8097,24.322,30295,90.999,31504,94.631
United States,USA,2021-07-24,8419,25.289,31469,94.526,33292,100.001
United States,USA,2021-07-25,8867,26.634,33406,100.344,35063,105.321
United States,USA,2021-07-26,9448,28.38,35748,107.379,36942,110.965
United States,USA,2021-07-27,9994,30.02,38296,115.032,39034,117.249
United States,USA,2021-07-28,10378,31.173,40482,121.599,41324,124.128
United States,USA,2021-07-29,10919,32.798,42200,126.759,43269,129.97
United States,USA,2021-07-30,11463,34.432,44541,133.791,45867,137.774
United States,USA,2021-07-31,12109,36.373,46428,139.459,48327,145.163
United States,USA,2021-08-01,12698,38.142,48538,145.797,50363,151.279
United States,USA,2021-08-02,13481,40.494,51780,155.535,52403,157.407
United States,USA,2021-08-03,14052,42.209,54470,163.615,54984,165.159
United States,USA,2021-08-04,14635,43.96,56954,171.077,57412,172.452
United States,USA,2021-08-05,15193,45.636,59587,178.986,60025,180.301
United States,USA,2021-08-06,15732,47.255,62122,186.6,62257,187.006
United States,USA,2021-08-07,16164,48.553,63544,190.872,64404,193.455
United States,USA,2021-08-08,16784,50.415,66369,199.357,66807,200.673
United States,USA,2021-08-09,17707,53.188,69838,209.777,69042,207.386
United States,USA,2021-08-10,18264,54.861,72521,217.836,71165,213.763
United States,USA,2021-08-11,19016,57.12,74850,224.832,73374,220.399
United States,USA,2021-08-12,19537,58.685,76968,231.194,75534,226.887
United States,USA,2021-08-13,20076,60.304,78580,236.036,77290,232.161
United States,USA,2021-08-14,20401,61.28,79622,239.166,78844,236.829
United States,USA,2021-08-15,21077,63.31,81624,245.18,79727,239.481
United States,USA,2021-08-16,21673,65.101,84313,253.257,80753,242.563
United States,USA,2021-08-17,22303,66.993,86744,260.559,82022,246.375
United States,USA,2021-08-18,22700,68.186,88657,266.305,83159,249.79
United States,USA,2021-08-19,23034,69.189,89427,268.618,83966,252.214
United States,USA,2021-08-20,23399,70.285,90191,270.913,84658,254.293
United States,USA,2021-08-21,23653,71.048,90417,271.592,85380,256.462
United States,USA,2021-08-22,24082,72.337,92239,277.065,86345,259.36
United States,USA,2021-08-23,24559,73.77,94682,284.403,86825,260.802
United States,USA,2021-08-24,25053,75.253,95991,288.335,87112,261.664
United States,USA,2021-08-25,25071,75.307,96009,288.389,87029,261.415
United States,USA,2021-08-26,25249,75.842,96369,289.47,87295,262.214
United States,USA,2021-08-27,25365,76.191,96192,288.939,87433,262.629
United States,USA,2021-08-28,25435,76.401,95071,285.571,87278,262.163
United States,USA,2021-08-29,25781,77.44,96125,288.737,86871,260.94
United States,USA,2021-08-30,25919,77.855,97200,291.966,86643,260.256
United States,USA,2021-08-31,25904,77.81,97820,293.829,86487,259.787
United States,USA,2021-09-01,25973,78.017,98027,294.45,86821,260.79
United States,USA,2021-09-02,26045,78.233,97811,293.802,86588,260.09
United States,USA,2021-09-03,25961,77.981,96835,290.87,85843,257.853
United States,USA,2021-09-04,25609,76.924,95082,285.604,85692,257.399
United States,USA,2021-09-05,25630,76.987,95280,286.199,85528,256.906
United States,USA,2021-09-06,25801,77.5,95910,288.091,85146,255.759
United States,USA,2021-09-07,26099,78.395,96810,290.795,83646,251.253
United States,USA,2021-09-08,26008,78.122,96525,289.939,83020,249.373
United States,USA,2021-09-09,25925,77.873,95684,287.413,82459,247.688
United States,USA,2021-09-10,25747,77.338,94559,284.033,82189,246.877
United States,USA,2021-09-11,25326,76.073,91979,276.284,81292,244.182
United States,USA,2021-09-12,25292,75.971,91541,274.968,80344,241.335
United States,USA,2021-09-13,25514,76.638,92158,276.821,79453,238.658
United States,USA,2021-09-14,25218,75.749,90633,272.241,79209,237.926
United States,USA,2021-09-15,24886,74.752,89577,269.069,77625,233.168
United States,USA,2021-09-16,24734,74.295,88250,265.083,76228,228.971
United States,USA,2021-09-17,24435,73.397,86780,260.667,74767,224.583
United States,USA,2021-09-18,23978,72.024,84373,253.437,73425,220.552
United States,USA,2021-09-19,23779,71.427,83494,250.797,72069,216.479
United States,USA,2021-09-20,23686,71.147,83675,251.34,70596,212.054
United States,USA,2021-09-21,23536,70.697,82358,247.384,69235,207.966
United States,USA,2021-09-22,23136,69.495,80874,242.927,68010,204.286
United States,USA,2021-09-23,22585,67.84,79242,238.025,66417,199.501
United States,USA,2021-09-24,22185,66.639,77387,232.453,65041,195.368
United States,USA,2021-09-25,21727,65.263,74807,224.703,63580,190.98
United States,USA,2021-09-26,21543,64.71,74161,222.763,62290,187.105
United States,USA,2021-09-27,21256,63.848,73886,221.936,60985,183.185
United States,USA,2021-09-28,20882,62.725,72525,217.848,59737,179.436
United States,USA,2021-09-29,20406,61.295,70722,212.433,58285,175.075
United States,USA,2021-09-30,19802,59.481,68918,207.014,56959,171.092
United States,USA,2021-10-01,19272,57.889,67124,201.625,55838,167.724
United States,USA,2021-10-02,18942,56.897,64834,194.746,54719,164.363
United States,USA,2021-10-03,18770,56.381,64381,193.386,53735,161.408
United States,USA,2021-10-04,18674,56.092,64486,193.701,52896,158.887
United States,USA,2021-10-05,18261,54.852,63506,190.757,51910,155.926
United States,USA,2021-10-06,17915,53.813,62392,187.411,51326,154.171
United States,USA,2021-10-07,17482,52.512,61093,183.509,50750,152.441
United States,USA,2021-10-08,17010,51.094,59459,178.601,50013,150.228
United States,USA,2021-10-09,17622,52.932,57938,174.032,49559,148.864
United States,USA,2021-10-10,18131,54.461,57494,172.699,49132,147.581
United States,USA,2021-10-11,18096,54.356,57618,173.071,48606,146.001
United States,USA,2021-10-12,17969,53.975,56985,171.17,47949,144.028
United States,USA,2021-10-13,17751,53.32,55892,167.887,47120,141.538
United States,USA,2021-10-14,17281,51.908,54564,163.898,46287,139.035
United States,USA,2021-10-15,17015,51.109,53356,160.269,45766,137.47
United States,USA,2021-10-16,16459,49.439,51835,155.7,45120,135.53
United States,USA,2021-10-17,16271,48.874,51502,154.7,44461,133.551
United States,USA,2021-10-18,16486,49.52,51723,155.364,43839,131.682
United States,USA,2021-10-19,16269,48.868,50595,151.976,43021,129.225
United States,USA,2021-10-20,15972,47.976,49315,148.131,42169,126.666
United States,USA,2021-10-21,15606,46.877,48405,145.397,41595,124.942
United States,USA,2021-10-22,15395,46.243,47452,142.535,40788,122.518
United States,USA,2021-10-23,14962,44.942,46396,139.363,40087,120.412
United States,USA,2021-10-24,14720,44.215,46112,138.51,39514,118.691
United States,USA,2021-10-25,14913,44.795,46378,139.309,39109,117.474
United States,USA,2021-10-26,14854,44.618,45821,137.636,38501,115.648
United States,USA,2021-10-27,14704,44.167,45006,135.188,38117,114.495
United States,USA,2021-10-28,14419,43.311,44195,132.752,37564,112.834
United States,USA,2021-10-29,12455,37.412,43513,130.703,37213,111.779
United States,USA,2021-10-30,12152,36.502,42764,128.453,36951,110.992
United States,USA,2021-10-31,12092,36.322,42511,127.693,36673,110.157
United States,USA,2021-11-01,12108,36.37,42623,128.03,36143,108.565
United States,USA,2021-11-02,11947,35.886,42290,127.029,36058,108.31
United States,USA,2021-11-03,11767,35.345,41982,126.104,35886,107.793
United States,USA,2021-11-04,11555,34.709,41356,124.224,35754,107.397
United States,USA,2021-11-05,11341,34.066,40944,122.986,35648,107.078
United States,USA,2021-11-06,11231,33.735,40175,120.676,35537,106.745
United States,USA,2021-11-07,11210,33.672,40471,121.566,35715,107.28
United States,USA,2021-11-08,11332,34.039,41348,124.2,36202,108.742
United States,USA,2021-11-09,11356,34.111,41730,125.347,36543,109.767
United States,USA,2021-11-10,11289,33.91,41810,125.588,36751,110.392
United States,USA,2021-11-11,11280,33.883,41717,125.308,37030,111.23
United States,USA,2021-11-12,11271,33.855,41632,125.053,37331,112.134
United States,USA,2021-11-13,11296,33.931,41371,124.269,37795,113.527
United States,USA,2021-11-14,11264,33.834,41871,125.771,38105,114.459
United States,USA,2021-11-15,11534,34.645,43285,130.018,38431,115.438
United States,USA,2021-11-16,11600,34.844,44009,132.193,39084,117.399
United States,USA,2021-11-17,11665,35.039,44369,133.274,39749,119.397
United States,USA,2021-11-18,11792,35.42,45095,135.455,40608,121.977
United States,USA,2021-11-19,11823,35.514,45157,135.641,41013,123.194
United States,USA,2021-11-20,11785,35.399,44825,134.644,41397,124.347
United States,USA,2021-11-21,11973,35.964,45373,136.29,41824,125.63
United States,USA,2021-11-22,12296,36.934,46834,140.679,42572,127.876
United States,USA,2021-11-23,12329,37.033,47702,143.286,43166,129.661
United States,USA,2021-11-24,12448,37.391,47900,143.881,43629,131.051
United States,USA,2021-11-25,12471,37.46,47297,142.069,43698,131.259
United States,USA,2021-11-26,12654,38.01,48189,144.749,43394,130.346
United States,USA,2021-11-27,12849,38.595,49069,147.392,44186,132.725
United States,USA,2021-11-28,13105,39.364,50165,150.684,44801,134.572
United States,USA,2021-11-29,13379,40.187,51812,155.631,45340,136.191
United States,USA,2021-11-30,13545,40.686,52643,158.127,45901,137.876
United States,USA,2021-12-01,13671,41.065,53310,160.131,46673,140.195
United States,USA,2021-12-02,13772,41.368,53586,160.96,47527,142.76
United States,USA,2021-12-03,13888,41.716,54392,163.381,49644,149.119
United States,USA,2021-12-04,13942,41.879,54572,163.922,50493,151.669
United States,USA,2021-12-05,14149,42.5,55670,167.22,51297,154.084
United States,USA,2021-12-06,14455,43.419,57447,172.558,51847,155.736
United States,USA,2021-12-07,14771,44.369,58938,177.036,52788,158.563
United States,USA,2021-12-08,14901,44.759,59721,179.388,53647,161.143
United States,USA,2021-12-09,14992,45.033,60371,181.341,54693,164.285
United States,USA,2021-12-10,15236,45.765,61162,183.717,55244,165.94
United States,USA,2021-12-11,15326,46.036,60921,182.993,55620,167.07
United States,USA,2021-12-12,15595,46.844,61722,185.399,56020,168.271
United States,USA,2021-12-13,15914,47.802,63084,189.49,55868,167.815
United States,USA,2021-12-14,15993,48.039,63244,189.97,55601,167.013
United States,USA,2021-12-15,15896,47.748,63229,189.925,55442,166.535
United States,USA,2021-12-16,15909,47.787,63105,189.553,55277,166.039
United States,USA,2021-12-17,15941,47.883,63090,189.508,55249,165.955
United States,USA,2021-12-18,15906,47.778,62004,186.246,55246,165.946
United States,USA,2021-12-19,15983,48.009,62545,187.871,55367,166.31
United States,USA,2021-12-20,16210,48.691,63764,191.532,55960,168.091
United States,USA,2021-12-21,16148,48.505,64086,192.5,56671,170.227
United States,USA,2021-12-22,16251,48.814,65048,195.389,57802,173.624
United States,USA,2021-12-23,16187,48.622,65661,197.23,59279,178.06
United States,USA,2021-12-24,16240,48.781,65821,197.711,60612,182.064
United States,USA,2021-12-25,16356,49.13,66446,199.588,61862,185.819
United States,USA,2021-12-26,16590,49.833,69732,209.459,64094,192.524
United States,USA,2021-12-27,17075,51.289,74692,224.358,67584,203.007
United States,USA,2021-12-28,17274,51.887,79671,239.313,72638,218.188
United States,USA,2021-12-29,17830,53.557,85514,256.864,78793,236.676
United States,USA,2021-12-30,18158,54.542,89961,270.222,85216,255.969
United States,USA,2021-12-31,18382,55.215,93776,281.681,92323,277.317
United States,USA,2022-01-01,18863,56.66,96560,290.044,98910,297.103
United States,USA,2022-01-02,19606,58.892,102693,308.466,105298,316.291
United States,USA,2022-01-03,20341,61.1,108779,326.747,111118,333.773
United States,USA,2022-01-04,21040,63.199,114863,345.022,116772,350.756
United States,USA,2022-01-05,21532,64.677,121478,364.892,122385,367.616
United States,USA,2022-01-06,22134,66.485,126993,381.458,127763,383.771
United States,USA,2022-01-07,22862,68.672,131875,396.122,132844,399.033
United States,USA,2022-01-08,23150,69.537,133605,401.319,138345,415.556
United States,USA,2022-01-09,23800,71.49,137280,412.357,141776,425.862
United States,USA,2022-01-10,24487,73.553,142248,427.28,144566,434.243
United States,USA,2022-01-11,25081,75.338,145833,438.049,147341,442.578
United States,USA,2022-01-12,25334,76.097,149706,449.682,149733,449.763
United States,USA,2022-01-13,25558,76.77,151014,453.611,151339,454.587
United States,USA,2022-01-14,25734,77.299,152055,456.738,152946,459.414
United States,USA,2022-01-15,25802,77.503,149523,449.133,153995,462.565
United States,USA,2022-01-16,25867,77.698,150019,450.622,153386,460.736
United States,USA,2022-01-17,26077,78.329,150910,453.299,151813,456.011
United States,USA,2022-01-18,26372,79.215,153236,460.286,151017,453.62
United States,USA,2022-01-19,26463,79.489,154540,464.202,149980,450.505
United States,USA,2022-01-20,26283,78.948,152940,459.396,148726,446.739
United States,USA,2022-01-21,26023,78.167,150246,451.304,146395,439.737
United States,USA,2022-01-22,25679,77.134,145689,437.616,143635,431.446
United States,USA,2022-01-23,25528,76.68,144778,434.88,141794,425.916
United States,USA,2022-01-24,25562,76.782,144760,434.826,140625,422.405
United States,USA,2022-01-25,25311,76.028,143297,430.431,139166,418.023
United States,USA,2022-01-26,25078,75.329,141701,425.637,136260,409.294
United States,USA,2022-01-27,24470,73.502,137504,413.03,132862,399.087
United States,USA,2022-01-28,24021,72.154,133319,400.459,129616,389.337
United States,USA,2022-01-29,23432,70.384,127042,381.605,126720,380.638
United States,USA,2022-01-30,23196,69.675,125817,377.925,123496,370.953
United States,USA,2022-01-31,22909,68.813,124054,372.63,119867,360.053
United States,USA,2022-02-01,22670,68.095,120532,362.05,115571,347.149
United States,USA,2022-02-02,21913,65.822,117189,352.009,111228,334.103
United States,USA,2022-02-03,21330,64.07,112678,338.459,107009,321.43
United States,USA,2022-02-04,20576,61.806,107689,323.473,101809,305.811
United States,USA,2022-02-05,19642,59,101694,305.465,97297,292.258
United States,USA,2022-02-06,19280,57.913,99087,297.634,94037,282.465
United States,USA,2022-02-07,18979,57.009,97280,292.207,90621,272.205
United States,USA,2022-02-08,18351,55.122,93609,281.18,86370,259.436
United States,USA,2022-02-09,17719,53.224,90123,270.709,82453,247.67
United States,USA,2022-02-10,17049,51.211,86057,258.495,78757,236.568
United States,USA,2022-02-11,16133,48.46,81534,244.909,75993,228.265
United States,USA,2022-02-12,15445,46.393,76857,230.861,72928,219.059
United States,USA,2022-02-13,14899,44.753,74367,223.381,69711,209.396
United States,USA,2022-02-14,14404,43.266,72121,216.635,66543,199.88
United States,USA,2022-02-15,13827,41.533,68741,206.482,62791,188.61
United States,USA,2022-02-16,13154,39.512,65246,195.984,59338,178.238
United States,USA,2022-02-17,12551,37.7,61873,185.852,56175,168.737
United States,USA,2022-02-18,11926,35.823,58689,176.288,53021,159.263
United States,USA,2022-02-19,11238,33.756,54818,164.661,49963,150.077
United States,USA,2022-02-20,10778,32.375,52978,159.134,47669,143.187
United States,USA,2022-02-21,10456,31.407,51326,154.171,45715,137.317
United States,USA,2022-02-22,10177,30.569,49434,148.488,43485,130.619
United States,USA,2022-02-23,9632,28.932,47085,141.432,41233,123.854
United States,USA,2022-02-24,9414,28.277,45811,137.606,39157,117.619
United States,USA,2022-02-25,8908,26.758,43438,130.478,37431,112.434
United States,USA,2022-02-26,8289,24.898,40665,122.148,35952,107.992
United States,USA,2022-02-27,7881,23.673,39329,118.135,34728,104.315
United States,USA,2022-02-28,7551,22.681,37884,113.795,33555,100.791
United States,USA,2022-03-01,7330,22.018,36224,108.809,32119,96.478
United States,USA,2022-03-02,6989,20.993,34724,104.303,30820,92.576
United States,USA,2022-03-03,6676,20.053,32908,98.848,29479,88.548
United States,USA,2022-03-04,6216,18.671,30705,92.231,28129,84.493
United States,USA,2022-03-05,5843,17.551,28535,85.713,26947,80.943
United States,USA,2022-03-06,5653,16.98,27719,83.261,25999,78.095
United States,USA,2022-03-07,5491,16.494,27074,81.324,25123,75.464
United States,USA,2022-03-08,5118,15.373,25787,77.458,23925,71.865
United States,USA,2022-03-09,4876,14.646,24767,74.394,22660,68.065
United States,USA,2022-03-10,4629,13.904,23742,71.315,21621,64.944
United States,USA,2022-03-11,4363,13.105,22400,67.284,20732,62.274
United States,USA,2022-03-12,4069,12.222,21122,63.446,19869,59.682
United States,USA,2022-03-13,3958,11.889,20423,61.346,19053,57.231
United States,USA,2022-03-14,3684,11.066,19025,57.147,18155,54.533
United States,USA,2022-03-15,3505,10.528,18522,55.636,17462,52.452
United States,USA,2022-03-16,3454,10.375,17948,53.912,16719,50.22
United States,USA,2022-03-17,3297,9.903,17395,52.251,15946,47.898
United States,USA,2022-03-18,3130,9.402,16542,49.688,15214,45.699
United States,USA,2022-03-19,3041,9.134,15662,47.045,14512,43.591
United States,USA,2022-03-20,2938,8.825,15344,46.09,14071,42.266
United States,USA,2022-03-21,2870,8.621,15073,45.276,13796,41.44
United States,USA,2022-03-22,2739,8.227,14555,43.72,13316,39.998
United States,USA,2022-03-23,2594,7.792,14175,42.578,13000,39.049
United States,USA,2022-03-24,2500,7.509,13626,40.929,12631,37.941
United States,USA,2022-03-25,2315,6.954,13103,39.358,12302,36.952
United States,USA,2022-03-26,2215,6.653,12577,37.778,12193,36.625
United States,USA,2022-03-27,2171,6.521,12206,36.664,12043,36.174
United States,USA,2022-03-28,2135,6.413,12097,36.337,11848,35.589
United States,USA,2022-03-29,2092,6.284,11812,35.481,11574,34.766
United States,USA,2022-03-30,2027,6.089,11548,34.688,11230,33.732
United States,USA,2022-03-31,1950,5.857,11297,33.934,11026,33.12
United States,USA,2022-04-01,1862,5.593,10902,32.747,10828,32.525
United States,USA,2022-04-02,1802,5.413,10529,31.627,10563,31.729
United States,USA,2022-04-03,1794,5.389,10382,31.185,10357,31.11
United States,USA,2022-04-04,1764,5.299,10516,31.588,10355,31.104
United States,USA,2022-04-05,1713,5.145,10480,31.479,10289,30.906
United States,USA,2022-04-06,1705,5.121,10421,31.302,10264,30.831
United States,USA,2022-04-07,1723,5.175,10402,31.245,10297,30.93
United States,USA,2022-04-08,1682,5.052,10223,30.708,10378,31.173
United States,USA,2022-04-09,1590,4.776,9875,29.662,10344,31.071
United States,USA,2022-04-10,1534,4.608,9867,29.638,10471,31.452
United States,USA,2022-04-11,1568,4.71,10091,30.311,10485,31.495
United States,USA,2022-04-12,1527,4.587,10113,30.377,10603,31.849
United States,USA,2022-04-13,1522,4.572,10167,30.539,10679,32.077
United States,USA,2022-04-14,1548,4.65,10199,30.635,10754,32.303
United States,USA,2022-04-15,1530,4.596,10299,30.936,10886,32.699
United States,USA,2022-04-16,1457,4.376,9960,29.918,11018,33.096
United States,USA,2022-04-17,1432,4.301,10153,30.497,11062,33.228
United States,USA,2022-04-18,1450,4.355,10416,31.287,11269,33.849
United States,USA,2022-04-19,1484,4.458,10677,32.071,11459,34.42
United States,USA,2022-04-20,1446,4.343,10921,32.804,11791,35.417
United States,USA,2022-04-21,1486,4.464,11105,33.357,12073,36.265
United States,USA,2022-04-22,1489,4.473,11209,33.669,12349,37.094
United States,USA,2022-04-23,1453,4.364,11236,33.75,12758,38.322
United States,USA,2022-04-24,1447,4.346,11463,34.432,13089,39.316
United States,USA,2022-04-25,1508,4.53,11922,35.811,13387,40.211
United States,USA,2022-04-26,1585,4.761,12355,37.112,13790,41.422
United States,USA,2022-04-27,1587,4.767,12761,38.331,14267,42.855
United States,USA,2022-04-28,1595,4.791,12931,38.842,14633,43.954
United States,USA,2022-04-29,1625,4.881,13012,39.085,14951,44.909
United States,USA,2022-04-30,1581,4.749,12851,38.601,15323,46.027
United States,USA,2022-05-01,1576,4.734,13152,39.506,15743,47.288
United States,USA,2022-05-02,1663,4.995,13817,41.503,16122,48.427
United States,USA,2022-05-03,1692,5.082,14233,42.753,16559,49.739
United States,USA,2022-05-04,1725,5.182,14558,43.729,16917,50.815
United States,USA,2022-05-05,1736,5.215,14874,44.678,17446,52.404
United States,USA,2022-05-06,1727,5.188,14966,44.954,18017,54.119
United States,USA,2022-05-07,1773,5.326,15053,45.216,18487,55.531
United States,USA,2022-05-08,1739,5.224,15309,45.985,18841,56.594
United States,USA,2022-05-09,1782,5.353,15595,46.844,19053,57.231
United States,USA,2022-05-10,1829,5.494,16267,48.862,19434,58.375
United States,USA,2022-05-11,1885,5.662,16739,50.28,19810,59.505
United States,USA,2022-05-12,1891,5.68,17369,52.172,20285,60.931
United States,USA,2022-05-13,1937,5.818,17674,53.089,20949,62.926
United States,USA,2022-05-14,1915,5.752,17690,53.137,21562,64.767
